persona,condition,rep,status,d1,vp,d3_evidence,market_judgment,config,cost_stance,price,basis,reasoning,total_calls,error
草根老板,M,1,OK,"{""constraints"":[{""text"":""先做一小批试水，卖得动再加码，不能一上来就大批量压货"",""source"":""map_caogen_41""},{""text"":""账上现金比纸面利润更踏实，养老院回款周期长，必须控制现金流风险"",""source"":""map_caogen_42""},{""text"":""老员工敢说真话比长报表更可信，得先问两个跟了多年的部下对养老院市场的判断"",""source"":""map_caogen_46""}],""goal"":""用最小成本试销一批陪伴机器人，验证养老院真实需求和回款能力，再决定是否加量推广""}","{""who"":""养老院院长或运营负责人"",""pain"":""采购成本高、回款周期长、担心新设备闲置或不好用"",""how"":""提供小批量试销，先做100件陪伴机器人，免费试用或只收30%订金，验证真实需求和老人接受度，确认有效再追加订单，降低院方一次性投入风险""}","[""采购谨慎，但愿意为差异化付溢价，试用期稳定可靠，愿意多花点钱"",""老人对设备排斥影响家属满意度与续住率，设备需开机就能用且无侵入感"",""先试用三个月再说，采购决策基于可预期的人力成本替代，实效验证后支付意愿高""]",养老院市场确实有需求，但采购谨慎、回款周期长，必须用小批量试销+试用期验证真实效果和老人接受度，不能一上来就压货。设备要非穿戴、开机即用、能替代人力，才有溢价空间。,"{""perception"":""中"",""motion"":""中"",""interaction"":""高"",""safety"":""中"",""extension"":""低"",""maintenance"":""低""}","{""text"":""先做一小批试水，卖得动再加码，不压货、不堆料，成本能省就省，够用就行。"",""source"":""map_caogen_41""}",2800,"{""text"":""先做一小批试水，卖得动再加码，不能一上来就大批量压货；账上现金比纸面利润更踏实，养老院回款周期长，必须控制现金流风险；新产品先做100件试水，卖动后才开第二批；第一次接养老院单，只先收30%订金，降低双方风险"",""source"":""承前:D4""}",定价2800元，处于1000-6000元中低位，符合草根老板'够用就行、不堆料'的成本立场，同时留出利润空间应对养老院回款周期长、可能压价或赊账的情况。这个价格比高端竞品低，能让院方觉得有性价比，愿意小批量试销；又比低端产品高，体现差异化价值（非穿戴、开机即用、替代人力）。先做100件试水，只收30%订金，验证老人接受度和回款能力，卖动后再加量，避免压货风险。若院方反复压价，仍有空间让利5%-10%换取整年订单，符合'客户反复压价说明他其实想买'的经验。,5,
草根老板,M,2,OK,"{""constraints"":[{""text"":""新产品先做100件试水，卖动后才开第二批，不能一开始就大量投入"",""source"":""map_caogen_16""},{""text"":""账上有现金，比纸面利润更踏实，必须控制前期投入和回款周期"",""source"":""map_caogen_42""},{""text"":""老员工敢说真话，比长报表更可信，需要先问两个老部下的意见再决定方向"",""source"":""map_caogen_46""}],""goal"":""用最小成本试制一批陪伴机器人，在养老院市场验证需求并收回现金，再决定是否扩大规模""}","{""who"":""县城及周边养老院"",""pain"":""老人日常陪伴需求大，但人工成本高、服务不稳定，现有产品要么太贵要么不实用"",""how"":""用低成本、功能简单的陪伴机器人试制100件，先免费试用或低价铺货，靠老客户关系快速验证需求，收回现金再扩产""}","[""采购谨慎，但愿意为差异化付溢价，试用期稳定可靠我愿意多花点钱。"",""老人不排斥是前提，设备需开机就能用且无侵入感。"",""老人情绪波动与缺乏互动刺激需被动响应方案，护工忙不过来。""]",养老院愿意为能替代人力、老人不排斥的差异化产品付溢价，但必须先试用验证稳定性。我们的低成本陪伴机器人正好切中‘老人发呆无人陪’和‘护工忙不过来’的痛点，但必须做到开机就能用、不穿戴、不侵入，先做100件免费试用或低价铺货，靠老客户关系快速验证，回款后再扩产。,"{""perception"":""中"",""motion"":""低"",""interaction"":""高"",""safety"":""中"",""extension"":""低"",""maintenance"":""中""}","{""text"":""先做一小批，卖得动再加码，控制前期投入，不盲目扩产"",""source"":""map_caogen_41""}",2000,"{""text"":""先做一小批，卖得动再加码，控制前期投入，不盲目扩产"",""source"":""map_caogen_41""}",成本立场要求控制前期投入，2000元是1000-6000区间内偏低的价格，既能覆盖试制100件的成本，又不会让养老院因价格过高而拒绝试用。这个价位符合先做一小批卖得动再加码的信条，同时留出空间让老客户觉得有性价比，便于快速铺货验证需求并收回现金。如果后续复购好，再考虑提价或扩产。,6,
草根老板,M,3,OK,"{""constraints"":[{""text"":""新产品先做100件试水，卖动后才开第二批，不能一上来就大批量生产"",""source"":""map_caogen_16""},{""text"":""账上有现金，比纸面利润更踏实，推广前期要控制投入，不能压太多资金"",""source"":""map_caogen_42""},{""text"":""老员工敢说真话，比长报表更可信，要先问两个老部下对养老院市场的判断"",""source"":""map_caogen_46""}],""goal"":""用最小成本试制一批陪伴机器人，在1-2家养老院验证真实需求，确认能回款后再扩大生产""}","{""who"":""县城及周边养老院"",""pain"":""现有陪伴机器人价格高、功能复杂，老人不会用，实际使用率低，且供应商账期长、售后慢"",""how"":""先做100台功能简单、操作直观的基础款陪伴机器人，定价低于市场价30%，支持赊销和快速上门维修，用最小成本试出真实需求""}","[""受访者强调采购负责人注重品质感和可展示的设备和数据，愿意为体验或效果可感知的差异化付溢价。"",""老人不愿佩戴，说像被监视，没尊严。设备需开机就能用且无侵入感，更倾向非穿戴式设备。"",""夜班现在排三个人，每人月薪四千五左右，院长总念叨'要是能少排一个就好了'。用户将采购视为替代或辅助人力的管理杠杆。""]",养老院愿意为能替代人力、降低夜间监护成本、且老人不排斥的非穿戴式设备付溢价，但必须先试用验证实效。第一批100台要聚焦基础陪伴和离床监测功能，定价低于市场价30%，先收30%订金，用最小成本试出真实需求。,"{""perception"":""低"",""motion"":""中"",""interaction"":""低"",""safety"":""中"",""extension"":""低"",""maintenance"":""中""}","{""text"":""第一批只做基础功能，不加花架子，够用就行，控制成本在最低水平，先试出真实需求再考虑升级。"",""source"":""map_caogen_44""}",2800,"{""text"":""定价低于市场价30%，市场同类产品均价约4000元，2800元既能覆盖基础功能成本，又符合养老院预算敏感度，且留出赊销和维修的利润空间"",""source"":""承前:D2""}",根据D2的定价策略，基础款定价低于市场价30%能快速打开养老院市场。市场同类陪伴机器人均价在4000元左右，2800元既满足够用就行的成本控制，又能让养老院在试用时觉得划算。同时参考D3中养老院对替代人力成本的付费意愿，2800元对应每月节省一个夜班护工4500元工资的62%，性价比突出。先收30%订金即840元，降低自身资金压力，符合账上有现金更踏实的信条。若后续验证需求，再通过升级功能提价。此定价在1000-6000元区间内，兼顾利润与试水风险。,7,
草根老板,M,4,OK,"{""constraints"":[{""text"":""新产品先做100件试水，卖动后才开第二批，不能一开始就大规模生产砸钱"",""source"":""map_caogen_16""},{""text"":""账上有现金比纸面利润更踏实，推广前期不能把现金流压死在库存和广告上"",""source"":""map_caogen_42""},{""text"":""老员工敢说真话比长报表更可信，得先找两个跟了多年的老部下摸清养老院真实需求"",""source"":""map_caogen_46""}],""goal"":""用最小成本试制100台陪伴机器人，在2-3家养老院验证回单和回款周期，确认能跑通再扩量""}","{""who"":""县城及地市级养老院"",""pain"":""采购预算有限，担心智能设备成本高、维护难、老人不会用，导致闲置浪费"",""how"":""提供100台低成本、易操作的陪伴机器人，先免费试用2-3家养老院，用老员工实地调研确认老人真实需求，根据反馈快速调整功能，确保回款周期短、不压现金流""}","[""采购需明确独特之处，愿意为差异化付溢价，但需说清独特在哪。"",""老人对设备排斥影响家属满意度与续住率，设备需开机就能用且无侵入感。"",""采购决策谨慎，注重品牌形象和探视观感，愿为降低人力成本支付溢价。""]",养老院采购谨慎但愿意为差异化付溢价，核心痛点是夜间安全监护和老人情绪管理，设备必须开机就能用、无侵入感，且能替代人力成本。先做100台免费试用2-3家，让老员工实地盯反馈，功能调准了再扩量，不能一上来就砸钱。,"{""perception"":""中"",""motion"":""低"",""interaction"":""高"",""safety"":""中"",""extension"":""低"",""maintenance"":""中""}","{""text"":""先做100台试水，卖动才开第二批，不压现金流在库存和广告上，成本能省一分是一分"",""source"":""map_caogen_41""}",2800,"{""text"":""成本每省下一块，都是自己挣的一块。先做100台试水，卖动才开第二批，不压现金流。2800元是养老院能接受、我们也有利润的价位，比同行低但够用，花架子不能多赚一分钱。"",""source"":""承前:D4""}",定价2800元，基于先做100台试水的成本立场和养老院预算有限的痛点。这个价格低于市场同类产品，但能覆盖硬件和基本利润，同时让养老院觉得划算、愿意试用。客户反复压价说明想买，2800元既留出谈判空间，又保证回款快、不压库存。老员工反馈也支持这个价位，够用就行，先跑通再考虑提价。,5,
草根老板,M,5,OK,"{""constraints"":[{""text"":""新产品要先做一小批试水，卖得动才加码，不能一上来就大量铺货"",""source"":""map_caogen_41""},{""text"":""账上有现金比纸面利润更踏实，养老院回款周期长，不能压太多资金"",""source"":""map_caogen_42""},{""text"":""老员工敢说真话比长报表更可信，要先问两个老部下对养老院市场的看法"",""source"":""map_caogen_46""}],""goal"":""用最小成本试制一批陪伴机器人，先找到3-5家养老院试用或小单成交，验证回款周期和复购意愿，再决定是否扩大生产""}","{""who"":""县城及周边养老院"",""pain"":""采购成本高、回款周期长、担心设备闲置浪费"",""how"":""提供低成本、功能简单的陪伴机器人，先免费试用或小批量试单，验证效果后再谈长期合作""}","[""受访者将设备视为人力替代工具，关注投入产出比，且愿意为差异化付溢价，但前提是设备能提升运营效率、替代人力，且品质感可感知。"",""老人不排斥是前提，设备需开机就能用且无侵入感，机构更倾向非穿戴式设备，覆盖清醒时间空置场景。"",""购买决策基于可预期的人力成本替代，实效验证后支付意愿高，但坚持先试用三个月再说。""]",养老院市场对陪伴机器人的核心需求是替代人力、降低运营成本，同时设备必须无侵入感、开机即用，且通过试用验证实效。差异化溢价空间存在，但前提是品质感可感知、能写进智慧养老申报材料。回款周期长是风险，需先小批量试用验证复购意愿和回款周期。,"{""perception"":""中"",""motion"":""低"",""interaction"":""中"",""safety"":""中"",""extension"":""低"",""maintenance"":""低""}","{""text"":""设备够用就行，花架子不能多赚一分钱，先做100件试水，卖得动再加码，成本每省下一块都是自己挣的一块。"",""source"":""map_caogen_44""}",3500,"{""text"":""成本每省下一块都是自己挣的一块，设备够用就行，花架子不能多赚一分钱。养老院关注投入产出比，愿意为差异化付溢价但前提是品质感可感知。首批100件试水，卖得动再加码，账上有现金比纸面利润更踏实。"",""source"":""承前:D4""}",定价3500元，既低于市场主流产品，降低养老院决策门槛，又留有足够利润空间，成本控制下毛利约30%到40%。这个价位能体现差异化品质感，同时匹配养老院先试用三个月的决策习惯。如果试用效果好，复购时可根据回款周期和验证结果适当提价。如果定价过高，养老院会更犹豫，延长回款周期；定价过低则利润太薄，且可能让客户怀疑品质。3500元是够用就行和品质可感知的平衡点，符合先做一小批试水的原则。,6,
草根老板,M,6,OK,"{""constraints"":[{""text"":""新产品必须先做小批量试水，卖得动才追加，不能一上来就压太多货"",""source"":""map_caogen_16""},{""text"":""账上现金比纸面利润更重要，先保工资再付供应商，不能因为铺货把现金流绷断"",""source"":""map_caogen_20""},{""text"":""养老院客户不是老熟人，第一次合作只收30%订金，避免尾款拖太久"",""source"":""map_caogen_13""}],""goal"":""用最小成本试销100台陪伴机器人，验证养老院真实需求，回款后逐步扩量，确保现金流不断裂""}","{""who"":""县城及周边养老院"",""pain"":""采购预算有限，担心新设备不好用、售后没保障、压货占资金"",""how"":""先做100台小批量试销，只收30%订金，用老客户担保和熟人介绍降低信任门槛，卖动再扩量，确保回款快、不压现金流""}","[""养老院客户不是老熟人，第一次合作只收30%订金，避免尾款拖太久；采购谨慎，但愿意为差异化付溢价，试用期稳定可靠后愿意多花钱。"",""老人对设备排斥影响家属满意度与续住率；设备需开机就能用且无侵入感，护工不需要培训是采购审批前提。"",""购买驱动力是品质感与口碑，而非直接省钱；设备需满足智慧养老合规要求，降低安全事故赔偿风险，提升家属信任与机构口碑。""]",养老院客户采购谨慎，但愿意为差异化付溢价，前提是设备能解决夜间安全监护和老人情绪波动问题，且操作简单、无侵入感、能提升品质感。试销100台必须先用30%订金降低风险，靠试用期验证实效，回款后靠口碑和老客户介绍扩量，不能压货。,"{""perception"":""中"",""motion"":""低"",""interaction"":""中"",""safety"":""高"",""extension"":""低"",""maintenance"":""中""}","{""text"":""先做100台试销，只收30%订金，卖得动才追加，不压货不占现金流，成本控制优先于功能堆砌。"",""source"":""map_caogen_41""}",3800,"{""text"":""试销100台只收30%订金，成本控制优先，但养老院客户愿意为差异化付溢价，设备需满足安全监护和品质感，3800元既能覆盖成本并留出利润空间，又不会因过高定价吓退预算有限的客户，且低于6000元上限，符合先小批量试水、回款后扩量的策略。"",""source"":""承前:D4""}",基于D4的成本立场和D3的市场判断，养老院客户采购谨慎但愿为差异化付溢价，3800元在1000-6000元区间内属于中位偏上，既能体现品质感又不超出预算敏感度，同时确保30%订金（1140元）覆盖试销成本，回款后若复购可扩量，符合现金流不断裂和先试后扩的原则。,6,
草根老板,M,7,OK,"{""constraints"":[{""text"":""新产品先做100件试水，卖动后才开第二批，不能一上来就大量铺货"",""source"":""map_caogen_16""},{""text"":""账上有现金，比纸面利润更踏实，不能为了推广把现金流压死"",""source"":""map_caogen_42""},{""text"":""客户反复压价，说明他其实想买，养老院采购会砍价，但关键是摸准他们真正要什么"",""source"":""map_caogen_45""}],""goal"":""用最小成本试出养老院市场的真实需求，先做一小批机器人验证复购，再决定是否扩量""}","{""who"":""县城及乡镇中小型养老院经营者"",""pain"":""采购预算有限，担心高价设备用不上、维护成本高，又急需提升照护效率来应对人手不足"",""how"":""提供100件起订、单价可控的基础型助老机器人，先试后扩，免费上门调试并承诺48小时故障响应，让养老院用最小投入验证实际效果""}","[""受访者依赖试用期验证设备稳定性，强调开。"",""采购需明确独特之处，愿意为差异化付溢价。"",""购买决策基于可预期的人力成本替代，实效验证后支付意愿高。""]",养老院客户采购谨慎但愿意为差异化付溢价，核心是先用小批量试用验证实效，替代人力成本是买单关键，设备需开机即用、无侵入感。这与我们'先做一小批验证复购'的思路吻合，先做100件试水，聚焦夜间监护和情绪管理场景，用试用期证明能省人力，再谈扩量。,"{""perception"":""中"",""motion"":""中"",""interaction"":""高"",""safety"":""高"",""extension"":""低"",""maintenance"":""中""}","{""text"":""先做一小批试水，卖得动再加码，成本控制优先，首批返工损失不超过6000元，账上现金必须保住。"",""source"":""map_caogen_41""}",2800,"{""text"":""养老院客户采购预算有限但愿意为差异化付溢价，核心是先用小批量试用验证实效；2800元既低于市场同类设备均价，又能覆盖基础型助老机器人的成本，同时留出2000元机动款用于关键关系维护，确保订单审批不卡；这个价位客户砍价空间小，且能快速通过试用期证明替代人力成本的价值。"",""source"":""承前:D2""}",根据D2的定位，养老院客户预算有限但急需提升效率，2800元是‘够用就行’的定价，既让客户觉得划算（反复压价说明想买），又保证我们首批100件试水不压现金流；参考map_caogen_16‘新产品先做100件试水’和map_caogen_42‘账上有现金更踏实’，这个价格能快速验证复购，同时避免返工损失超过6000元的风险。,5,
草根老板,M,8,OK,"{""constraints"":[{""text"":""新产品先做100件试水，卖动后才开第二批，不能盲目铺货"",""source"":""map_caogen_16""},{""text"":""账上有现金，比纸面利润更踏实，必须控制前期投入和回款周期"",""source"":""map_caogen_42""},{""text"":""老员工敢说真话，比长报表更可信，要先问两个老部下的意见再定方向"",""source"":""map_caogen_46""}],""goal"":""用最小试错成本验证养老院对陪伴机器人的真实需求，跑通一个可复制的订单和回款闭环，再逐步扩大规模""}","{""who"":""养老院经营者"",""pain"":""采购成本高、回款周期长、担心设备闲置或老人不买账"",""how"":""先提供100台试用机，按实际使用效果收费，用老客户担保降低预付，跑通后按订单分批生产""}","[""受访者依赖试用期验证设备稳定性，强调开。"",""采购需明确独特之处，愿意为差异化付溢价。"",""购买决策基于可预期的人力成本替代，实效验证后支付意愿高。""]",养老院客户愿意为差异化设备付溢价，但前提是能通过试用期验证实效，且设备能替代或辅助人力、降低运营成本。我的最小试错策略（先做100件试水）正好匹配这种谨慎采购行为，关键是要让试用机快速跑通效果验证，用老客户担保降低预付风险，同时控制前期投入和回款周期。,"{""perception"":""高"",""motion"":""中"",""interaction"":""高"",""safety"":""中"",""extension"":""低"",""maintenance"":""高""}","{""text"":""先做一小批，卖得动再加码，前期投入必须严格控制，试用机成本要压到最低，等订单跑通再扩产"",""source"":""map_caogen_41""}",3800,"{""text"":""成本立场是先做一小批，卖得动再加码，试用机成本要压到最低，等订单跑通再扩产；同时客户愿意为差异化付溢价，但前提是能通过试用期验证实效。3800元既能覆盖100台试产成本并留出2000元机动款，又低于客户对替代人力成本的预期溢价，让客户觉得值、愿意先试后买。"",""source"":""承前:D4""}",定价3800元，基于D4的成本控制立场和D3的市场判断：客户愿意为差异化付溢价但需试用验证，3800元在1000-6000元区间内属于中低位，既能保证试产不亏本、回款周期可控，又让养老院客户觉得性价比高、愿意接受试用机方案，从而快速跑通订单闭环。这个价格也符合‘先做一小批、卖得动再加码’的信条，避免压货风险，同时留出利润空间应对后续扩产。”,5,
草根老板,C,1,OK,"{""constraints"":[{""text"":""养老院预算有限，采购决策链长，对高价产品天然抵触""},{""text"":""老人对机器人接受度低，担心操作复杂或隐私泄露""},{""text"":""同行低价竞争激烈，产品功能同质化严重""}],""goal"":""用最低成本让养老院老板看到机器人能省人工、防事故、创收，快速签下首批订单""}","{""who"":""养老院院长/实际运营负责人"",""pain"":""招工难、人工成本高、老人意外风险大、缺乏差异化服务吸引入住"",""how"":""提供‘低成本试用+效果对赌’方案，用租赁模式代替购买，强调机器人24小时无休巡逻防跌倒、夜间看护省人力，并承诺3个月内帮养老院降低10%运营成本或退机退款""}","[""受访者将设备视为人力替代工具，关注投入产出比，且愿意按月租赁，降低一次性成本压力。"",""机构不仅看重问题被解决，还看重体验差异是否能转化为服务口碑与运营优势。"",""采购决策谨慎，注重品牌形象和探视观感，愿意为差异化付溢价。""]",养老院院长和运营总监的核心诉求是‘可验证的人力成本替代+可感知的差异化体验’，他们愿意为降低夜间监护风险和提升家属满意度支付溢价，但必须通过试用期验证实效，且设备需无侵入感、开机即用。,"{""perception"":""中"",""motion"":""中"",""interaction"":""低"",""safety"":""高"",""extension"":""低"",""maintenance"":""中""}","{""text"":""以租赁试用和效果对赌为核心，控制硬件成本，将资源集中在感知和安全功能上，确保无摄像头隐私保护和非穿戴设计，降低交互复杂度以节省开发成本，通过低维护门槛和模块化扩展控制长期支出，整体追求低成本高实效的投入产出比。""}",3000,"{""text"":""基于租赁试用+效果对赌模式，定价3000元/月，匹配养老院月均人力成本节省预期（约5000-8000元），同时低于市场同类设备租赁价（4000-6000元），通过3个月试用期承诺降低10%运营成本（约15000元）形成强性价比，零首付降低决策门槛，利用差异化体验（无摄像头、非穿戴、夜间监护数据）支撑溢价，确保院长在投入产出比和口碑提升上快速决策。""}",3000元/月是平衡点：低于4000元可击穿同行低价竞争，高于2000元能覆盖硬件成本（感知+安全模块约1500元/台）并留出利润空间；3个月总成本9000元，远低于院长预期的人力节省（15000元），对赌机制消除风险；同时3000元/月可被养老院纳入运营预算（非资本支出），缩短决策链；差异化功能（无摄像头、非穿戴）支撑溢价，避免纯价格战，最大化订单转化率和长期租赁收入。,6,
草根老板,C,2,OK,"{""constraints"":[{""text"":""养老院采购预算低，决策链条长，对价格极度敏感""},{""text"":""老年人对机器人接受度低，家属更看重人工服务而非科技产品""},{""text"":""产品功能与真实护理需求存在差距，容易沦为摆设""}],""goal"":""用最低成本切入养老院，先签下三家标杆客户，快速回笼资金并验证复购率""}","{""who"":""养老院院长或采购负责人"",""pain"":""采购预算低但必须满足家属对人工服务的依赖，同时降低护理人员流失率"",""how"":""提供一款极简功能、单价低于5000元的陪伴机器人，主打夜间巡逻和紧急呼叫，替代部分人工夜班成本，并承诺免费试用30天，无效退款""}","[""受访者强调采购负责人注重品质感和可展示的设备和数据，愿意为体验或效果可感知的差异化付溢价"",""购买驱动力是品质感与口碑，而非直接省钱。设备需满足智慧养老合规要求，降低安全事故赔偿风险，提升家属信任与机构口碑"",""用户认为产品需要平衡安全监护与尊严感。老人情绪波动管理、黄昏综合征等场景，需要人力组织集体活动来弥补""]",市场虽对价格敏感，但院长和运营总监更愿为能提升品质感、家属信任度和运营口碑的差异化功能付溢价，而非单纯省钱；同时，夜间安全监护和人力替代仍是刚需，但产品必须尊重老人尊严、避免侵入感，且护工无需培训即可使用。,"{""perception"":""高"",""motion"":""低"",""interaction"":""中"",""safety"":""高"",""extension"":""低"",""maintenance"":""低""}","{""text"":""感知和安全性必须高投入以支撑品质感和合规，运动、扩展、维护全部砍到最低，交互适中，总成本控制在8000元以内，靠免费试用7天快速验证回款。""}",5999,"{""text"":""基于目标约束栈，产品聚焦夜间离床监测和紧急呼叫，感知与安全性高投入，交互适中，运动/扩展/维护最低，总成本控制在8000元以内。市场证据显示院长愿为品质感和可展示的差异化付溢价，而非单纯省钱，且免费试用期缩短至7天以平衡回款。定价5999元接近8000元成本上限的75%，既能体现品质感（感知与安全高投入），又低于院长心理溢价阈值（8000元以内），同时高于5000元初始目标以最大化利润，且保留空间应对价格谈判或批量折扣。""}",定价5999元在1000-6000元范围内最高，接近成本上限但留有余地。此价格支撑感知与安全的高投入（如材质、数据可视化），满足院长对品质感和智慧养老申报的需求；同时低于8000元，符合约束中‘单价可适度上浮至8000元以内’的溢价空间。相比5000元，多赚999元/台，且通过7天免费试用和院长背书降低决策风险，最大化利润而不牺牲回款速度。,5,
草根老板,C,3,OK,"{""constraints"":[{""text"":""养老院采购预算低，决策链长，院长怕担风险不敢轻易尝试新设备""},{""text"":""老人对冷冰冰的机器有抵触心理，子女也不信任机器人能替代人工照护""},{""text"":""团队没有养老行业人脉，地推和售后成本高，回款周期长""}],""goal"":""三个月内拿下三家养老院试点订单，用真实案例撬动区域市场，实现首年盈利""}","{""who"":""养老院院长及采购决策者"",""pain"":""预算有限、怕担风险、老人抗拒、子女不信任，导致新设备采购难、落地难"",""how"":""提供‘零风险试用+分期付款’方案，搭配‘亲情互动’功能让老人和子女看到温度，用真实案例数据证明降低人工照护成本30%""}","[""受访者强调采购负责人注重品质感和可展示的设备和数据，愿意为体验或效果可感知的差异化付溢价"",""用户认为产品需要平衡安全监护与尊严感，老人情绪波动管理、黄昏综合征等场景，需要人力组织集体活动来弥补"",""用户将采购视为替代或辅助人力的管理杠杆，关注投入产出比，人力成本上涨、夜班难招、护工短缺是核心痛点""]",养老院采购决策者愿意为可感知的差异化体验和人力替代效果付溢价，但前提是设备必须平衡安全监护与老人尊严，且能直接降低人力成本；我们的‘零风险试用+分期付款’方案需聚焦于非穿戴式、无侵入感的设备，并突出夜间监护和情绪管理场景，用试用期数据证明人力成本替代效果，才能撬动试点订单。,"{""perception"":""高"",""motion"":""中"",""interaction"":""高"",""safety"":""高"",""extension"":""低"",""maintenance"":""中""}","{""text"":""优先投入感知和交互功能以打造可感知的差异化体验，安全监护是底线，运动能力满足基础移动即可，扩展功能暂缓以控制成本，维护保持中等水平以平衡售后压力与客户满意度。""}",4500,"{""text"":""定价4500元，既体现非穿戴式智能监护设备的技术溢价和人力替代价值，又通过分期付款降低采购门槛，同时保证现金流健康，快速撬动三家试点订单。""}",选择4500元而非更低或更高价位：低于4000元会压缩利润空间，难以覆盖高感知交互功能的研发成本和地推售后投入，且可能被院长视为低端设备，削弱差异化感知；高于5000元则增加零风险试用期的现金流压力，延长回款周期，且超出部分养老院对单台设备的心理预算上限（参考受访者强调‘愿意为可感知效果付溢价’但需控制总投入）。4500元处于中高位，匹配‘零风险试用+分期付款’方案中首付比例（如30%即1350元），降低院长初始决策阻力；同时，以3家试点每家10台计算，总投入13.5万元，试用期3个月后若效果达标，后续区域市场可快速复制，实现首年盈利目标。,5,
草根老板,C,4,OK,"{""constraints"":[{""text"":""养老院采购预算普遍紧张，对高价设备接受度低""},{""text"":""老人和护理员对新技术存在抵触或使用障碍""},{""text"":""产品需通过医疗器械或适老化安全认证，周期长成本高""}],""goal"":""在三个月内拿下至少三家养老院的试用订单，验证产品价值并建立口碑""}","{""who"":""养老院采购决策者（院长/运营负责人）"",""pain"":""预算紧张，高价设备难以获批；老人和护理员对新设备抵触，担心使用复杂、效果不明；缺乏权威认证导致采购风险高"",""how"":""提供低成本试用方案（如租赁/分期付款），搭配上门培训与简易操作指引，突出产品能降低护理员工作强度、提升老人安全感的实际案例，并承诺协助快速获取适老化安全认证""}","[""报告1：受访者依赖试用期验证设备稳定性，强调开。"",""报告2：机构愿意为品质感、独特性和运营效率付溢价，而非直接省钱。"",""报告3：用户将采购视为替代或辅助人力的管理杠杆，关注投入产出比，人力成本上涨、夜班难招、护工短缺是核心痛点。""]",养老院采购决策者虽预算紧张，但愿意为能显著降低人力成本、提升运营效率且品质感强的差异化产品支付溢价，试用期验证是推动采购的关键环节。,"{""perception"":""高"",""motion"":""中"",""interaction"":""高"",""safety"":""高"",""extension"":""低"",""maintenance"":""中""}","{""text"":""优先投入感知、交互和安全以快速验证效果和降低使用门槛，运动控制保持够用，扩展功能暂缓，维护成本通过培训和服务协议分摊，整体控制初期硬件成本，用租赁模式降低客户预算压力。""}",3500,"{""text"":""基于租赁模式（月租350元，10个月回本）降低客户预算压力，同时通过高感知、高交互、高安全的产品品质支撑溢价，匹配养老院采购决策者愿意为降低人力成本（护工短缺、夜班难招）支付溢价的痛点，试用期快速产出跌倒率降低、护理工时节省等量化数据，协助客户申报智慧养老补贴，实现双赢。""}",定价3500元处于中位偏上，既满足养老院对低成本试用的需求（租赁月付），又通过品质感和故事性支撑溢价空间。结合约束中预算紧张但愿为效率付溢价的市场判断，以及配置优先投入感知、交互、安全以快速验证效果，此价格能最大化利润：若过高（如6000元）会因预算门槛导致试用订单流失；若过低（如1000元）则无法覆盖硬件成本及品质感投入，且削弱产品作为管理杠杆的定位。通过租赁模式分摊客户压力，同时确保三个月内可量化效果（如降低跌倒率20%），推动后续正式采购。,6,
草根老板,C,5,OK,"{""constraints"":[{""text"":""养老院采购预算极低，对价格极度敏感，单台售价超过3000元就很难成交""},{""text"":""老人和护理员对复杂操作有天然抵触，机器人必须零学习成本，否则会被闲置""},{""text"":""养老院决策链长，院长、家属、护理员三方利益不一致，任何一方反对就推不动""}],""goal"":""用最低成本、最傻瓜的操作、最直接的利润分成模式，快速拿下第一批养老院试点，形成口碑后批量复制""}","{""who"":""养老院院长"",""pain"":""采购预算极低、决策链长、老人和护理员抵触复杂设备，导致智能化升级难以落地"",""how"":""提供单价低于3000元、零学习成本的傻瓜式机器人，采用直接利润分成模式（如按使用效果付费），让院长无需一次性投入即可试点，快速见效后批量复制""}","[""院长愿为差异化体验付溢价，但前提是设备能提升运营效率、替代人力，且品质感可展示（报告1）"",""老人对设备排斥影响家属满意度与续住率，设备需开机就能用、无侵入感（报告2）"",""采购决策基于可预期的人力成本替代，实效验证后支付意愿高，但需先试用三个月（报告3）""]",养老院市场存在差异化机会，院长愿意为能提升运营效率、替代人力、且具备品质感的设备支付溢价，但前提是设备必须零学习成本、无侵入感，且需通过试用期验证实效。利润分成模式可降低初期决策阻力，但需确保效果可感知，否则无法通过总部审批。,"{""perception"":""低"",""motion"":""中"",""interaction"":""低"",""safety"":""中"",""extension"":""低"",""maintenance"":""低""}","{""text"":""必须死磕3000元以下硬件成本，感知、交互、扩展、维护全部砍到最低，只保留基础运动和安全冗余，靠利润分成收回利润而非硬件溢价。""}",3000,"{""text"":""基于目标-约束栈，单台售价必须低于3000元才能通过养老院预算审批，同时利润分成模式可回收长期收益，因此定价3000元是最大化短期硬件收入且不触发预算红线的上限。""}",定价3000元直接卡在养老院采购预算的临界点（低于3000元），既能最大化单台硬件收入，又符合院长无需一次性投入的利润分成模式（如按使用效果付费），同时避免因价格过高导致决策链中任何一方反对。高于3000元会直接触发预算限制，低于3000元则减少硬件利润，而利润分成已覆盖长期收益，因此3000元是当前约束下赚最多钱的最优解。,5,
草根老板,C,6,OK,"{""constraints"":[{""text"":""养老院采购预算有限，对价格极其敏感""},{""text"":""老人和护工对复杂科技产品有抵触心理，接受度低""},{""text"":""竞争对手可能推出更低价或更简单的替代品""}],""goal"":""以最低成本、最简单功能、最高性价比的机器人快速打开养老院市场，通过批量销售和后续服务盈利""}","{""who"":""养老院采购决策者（院长/运营负责人）及一线护工"",""pain"":""采购预算极低，老人和护工不愿用复杂设备，现有方案太贵或太难操作"",""how"":""提供成本最低、功能最简、一键操作的机器人，仅保留呼叫、提醒、基础陪伴功能，无冗余科技感，以极低售价和极简培训快速铺开""}","[""受访者将设备视为人力替代工具，关注投入产出比，且愿意为差异化付溢价"",""设备需‘开机就能用’，不能有侵入感，且不能主动干预"",""采购需明确独特之处，愿意为差异化付溢价""]",养老院市场存在明确的两类需求：一是极致低价、简单功能替代人力的基础方案，二是愿意为品质感、差异化和运营口碑付溢价的升级方案。我们的极简低成本机器人可先以第一类快速铺开，但需准备第二类差异化版本以应对高端客户和竞争。,"{""perception"":""低"",""motion"":""低"",""interaction"":""低"",""safety"":""低"",""extension"":""低"",""maintenance"":""低""}","{""text"":""所有配置均压到最低，以极致低价和极简功能快速铺开，避免任何冗余成本，售后和补货模式必须极低成本，不侵蚀利润。""}",1999,"{""text"":""基于极致低价策略快速铺开市场，定价1999元处于养老院可接受的低价区间，同时保留约30%毛利率以覆盖极简售后和补货成本，避免侵蚀利润。该价格低于竞争对手可能推出的替代品，且符合养老院采购预算敏感度，能最大化初期销量和市场份额。后续通过基础版走量、差异化升级版（如品质感、夜间监护）溢价至4000-6000元实现利润增长。""}",目标是以最低成本快速打开市场，养老院对价格极度敏感，护工和老人抵触复杂设备。1999元是1000-6000元区间内兼顾‘极致低价’与‘合理利润’的临界点：低于1500元可能无法覆盖极简硬件和售后成本，高于2500元会超出大部分养老院心理价位，降低铺开速度。该定价可吸引价格敏感客户，同时为后续差异化版本留出溢价空间，实现短期走量、长期盈利的最大化。,5,
草根老板,C,7,OK,"{""constraints"":[{""text"":""养老院预算有限，采购决策慢且对高价敏感""},{""text"":""老人和家属对机器人信任度低，担心操作复杂或隐私泄露""},{""text"":""缺乏直接触达养老院决策者的高效渠道，销售成本高""}],""goal"":""以低成本快速打开3-5家标杆养老院，通过租赁+增值服务模式实现首年盈利""}","{""who"":""养老院院长及运营负责人"",""pain"":""预算紧张、采购决策慢、老人和家属对智能设备信任度低，担心操作复杂和隐私泄露"",""how"":""提供低成本租赁方案，首年免硬件押金，按月付费；机器人操作极简（一键呼叫、语音控制），承诺数据本地加密不上传云端；赠送免费试用期和家属远程探视功能，降低决策风险""}","[""受访者将设备视为人力替代工具，关注投入产出比，且愿意为差异化体验付溢价，但前提是设备能提升运营效率、替代人力，且品质。"",""采购需明确独特之处，愿意为差异化付溢价；设备需在材质、做工、细节上有故事可讲，机构愿意为独特性付溢价。"",""购买决策基于可预期的人力成本替代，实效验证后支付意愿高；夜班现在排三个人，每人月薪四千五左右，院长总念叨'要是能少排一个就好了'。""]",养老院院长和运营总监的核心痛点在于人力成本高、夜间安全监护缺口大，他们愿意为能替代人力、提升运营效率且品质感强的差异化产品支付溢价，但采购决策谨慎，依赖试用期验证实效。我们的低成本租赁模式（月租低于200元）需突出人力替代的投入产出比，并通过免费试用和可展示的品质感（如材质、做工）来降低决策风险，同时满足智慧养老申报材料的故事性需求。,"{""perception"":""中"",""motion"":""低"",""interaction"":""高"",""safety"":""高"",""extension"":""低"",""maintenance"":""中""}","{""text"":""核心成本压在交互体验和安全隐私上，感知够用即可，运动控制做减法以控制硬件成本，维护通过模块化设计降低上门频次，整体追求单台月租低于200元的低成本结构。""}",2000,"{""text"":""基于D3和D4的约束，单台月租低于200元，硬件成本需控制在2000元以内，且需提供至少3个月免费试用期。定价2000元可覆盖硬件成本及初期研发分摊，同时通过租赁模式（月租约167元）满足低成本门槛，突出人力替代的投入产出比（如替代夜班护工月薪4500元），并预留利润空间。高价（如6000元）会超出养老院预算敏感区间，低价（如1000元）则无法支撑品质感（材质、做工）和隐私安全设计，且难以通过免费试用期验证实效。2000元定价在成本与溢价间平衡，既能通过差异化品质（非穿戴、数据加密）说服决策者，又能以租赁模式降低采购风险，最大化长期收益。""}",定价2000元直接对应硬件成本上限（2000元以内），确保单台月租低于200元（2000元÷12月≈167元），符合D4约束。同时，D3指出养老院愿意为可量化人力替代支付溢价，2000元定价下，月租167元对比夜班护工月薪4500元，投入产出比显著（1:27），能快速说服院长。此外，2000元定价可支撑品质感（如金属外壳、防误报传感器）和隐私安全（本地加密芯片），满足智慧养老申报材料的故事性需求。若定价过低（如1000元），硬件缩水会导致误报率高、品质差，无法通过试用期验证；若定价过高（如6000元），月租500元超出200元约束，且养老院预算有限，采购决策周期长。因此，2000元是最大化利润且不突破约束的最优解。,6,
草根老板,C,8,OK,"{""constraints"":[{""text"":""养老院采购预算低，决策链条长，回款周期慢""},{""text"":""老人和家属对机器人接受度低，怕复杂、怕贵、怕没用""},{""text"":""同行低价竞争激烈，利润空间被压缩""}],""goal"":""找到能快速成交、高利润的细分市场，比如高端养老院或子女买单的礼品场景""}","{""who"":""为子女买单的高端礼品场景中的中年子女"",""pain"":""想给父母尽孝但找不到既有面子又实用、能证明自己用心的高端礼物，市面上要么太土要么太复杂老人不会用"",""how"":""提供一款操作极简、外观体面、主打‘安全陪伴+紧急守护’的智能机器人，子女扫码即可远程查看老人状态，老人只需一键呼叫，无需学习成本""}","[""受访者将设备视为人力替代工具，关注投入产出比，且愿意为差异化付溢价，但前提是设备能提升运营效率、替代人力，且品质感可感知"",""采购需明确独特之处，愿意为差异化付溢价，但需说清‘比那个更好’的独特之处，设备需在材质、做工、细节上有故事可讲"",""老人对设备排斥影响家属满意度与续住率，设备需开机就能用且无侵入感，不能有被监视的感觉""]",养老机构市场存在真实需求，但必须同时满足‘人力替代降本’和‘品质感差异化’两个条件，且设备需做到非侵入、零学习成本，才能突破采购决策链。高端礼品场景的子女买单逻辑在机构市场不直接适用，需调整为‘机构采购+家属感知’的双重价值模型。,"{""perception"":""高"",""motion"":""中"",""interaction"":""高"",""safety"":""高"",""extension"":""低"",""maintenance"":""中""}","{""text"":""产品单价需控制在3000-8000元区间，但机构倾向租赁模式，因此硬件成本需压缩在2000元以内，通过感知和交互的高投入换取差异化溢价，运动能力够用即可，扩展功能砍掉，维护成本通过模块化设计控制。""}",4999,"{""text"":""基于目标约束栈，定价需同时满足三个条件：1）子女礼品预算天花板3000-8000元，但机构更倾向租赁模式，因此硬件成本需压缩在2000元以内，通过感知和交互的高投入换取差异化溢价；2）高端礼品场景需突出‘安全陪伴+紧急守护’的差异化价值，避免与保健品、按摩椅等竞品直接价格战；3）机构采购需兼顾院长（运营效率降本）和运营总监（品牌口碑）的双重价值，试用期验证后需有足够利润空间支撑租赁模式下的月费定价。综合测算，4999元处于3000-8000元区间中上位置，既能体现高端品质感（高于3000元入门线），又未触及8000元天花板，同时为机构租赁方案（如月租499元/12期）留出合理利润，且与2000元硬件成本相比有充足溢价空间覆盖感知、交互高投入及渠道分成。""}",选择4999元而非更低或更高价格，原因如下：1）低于3000元会陷入低价竞争，无法支撑高感知、高交互的差异化投入，且不符合子女‘有面子’的礼品定位；2）高于6000元（如5999）虽接近预算上限，但会显著增加子女决策阻力，且机构租赁模式下月费过高（如599元/月）会降低院长接受度；3）4999元在数字上接近5000元心理关口，但比5000元低1元，利用左位效应降低价格敏感度；4）与竞品对比：高端按摩椅约5000-8000元，保健品年消费约3000-5000元，4999元机器人以‘科技+孝心’差异化切入，性价比突出；5）机构采购场景中，4999元设备若按12期租赁，月费约416元，低于机构雇佣一名护工月薪的10%，同时提升运营效率，院长和运营总监均易接受。综上，4999元是最大化利润且兼顾各方约束的最优解。,5,
二代接班人,M,1,OK,"{""constraints"":[{""text"":""养老院决策者多为保守型长辈，对高投入创新方案有天然风险抗拒，必须用外部权威案例降低心理阻力"",""source"":""map_erdai_43""},{""text"":""产品定价不能过低，否则客户会质疑价值，但过高又可能超出养老院预算，需找到体验溢价与成本之间的平衡点"",""source"":""map_erdai_41""},{""text"":""董事会要求先证明长期回报，而陪伴机器人的社会价值与商业回报周期较长，需用大框架和长期位置说服"",""source"":""map_erdai_13""}],""goal"":""通过打造沉浸式体验试点，用外部权威案例和长期社会价值论证，推动董事会批准首期20万元试点项目，验证产品在养老院场景中的差异化价值与可复制盈利模式""}","{""who"":""养老院决策者（保守型长辈）"",""pain"":""对高投入创新方案有天然风险抗拒，担心长期回报不确定，且低定价产品易被质疑价值"",""how"":""通过外部权威案例和长期社会价值论证，打造沉浸式体验试点，以体验溢价平衡成本，先以20万元试点验证差异化价值与可复制盈利模式""}","[""采购谨慎，但愿意为差异化付溢价（报告1）"",""老人对设备排斥影响家属满意度与续住率，设备需无侵入感（报告2）"",""购买驱动力是品质感与口碑，而非直接省钱（报告2）""]",养老院决策者愿意为能提升运营安全、家属满意度和机构口碑的差异化体验支付溢价，但前提是产品必须无侵入感、开机即用，且能通过品质感和故事性降低采购风险。,"{""perception"":""高"",""motion"":""中"",""interaction"":""高"",""safety"":""高"",""extension"":""中"",""maintenance"":""中""}","{""text"":""高投入只要能形成差异，就值得先试，但试点预算已被压缩至20万元，需优先保证感知和交互的沉浸式体验，其他功能可后续优化。"",""source"":""map_erdai_49""}",4500,"{""text"":""产品定价不能过低，否则客户会质疑价值；养老院决策者愿意为能提升运营安全、家属满意度和机构口碑的差异化体验支付溢价，但需通过品质感和故事性降低采购风险；4500元处于体验溢价与成本平衡点，既高于市场普通设备避免低价质疑，又未超出养老院对差异化产品的预算上限，且能支撑沉浸式体验所需的感知与交互配置。"",""source"":""承前:D3""}",基于D3中市场判断——养老院决策者愿意为差异化体验支付溢价，且产品需通过品质感降低风险；同时结合D1中‘东西太便宜客户反而不信其价值’的信条，以及D4中‘高投入形成差异就值得先试’的成本立场，在20万元试点预算内，4500元定价能最大化单台利润，同时通过体验溢价覆盖感知和交互的高投入，避免因定价过低损害品质感或过高超出预算门槛，实现当前约束下的最优盈利。,6,
二代接班人,M,2,OK,"{""constraints"":[{""text"":""养老院决策者（院长或家属）对高价机器人持怀疑态度，需要先证明长期价值而非短期成本"",""source"":""map_erdai_13""},{""text"":""董事会倾向于保守投入，任何超过20万元的试点都可能被大幅削减预算"",""source"":""map_erdai_31""},{""text"":""目标客户（老人及家属）对技术产品缺乏信任，需要先用体验建立认知而非直接推销"",""source"":""map_erdai_44""}],""goal"":""通过打造高体验感的沉浸式展示和外部权威案例背书，推动一个20万元以内的陪伴机器人试点项目，验证长期回报并获取董事会和养老院决策者的信任，最终实现规模化推广以赚取最大利润""}","{""who"":""养老院决策者（院长及家属代表）"",""pain"":""高价陪伴机器人难以证明长期价值，老人及家属对技术产品缺乏信任，董事会预算审批保守"",""how"":""通过沉浸式体验展示机器人的情感陪伴与安全监护功能，结合外部权威案例（如澳洲社区成功故事）降低心理阻力，先以20万元以内试点验证长期回报，用体验建立认知而非直接推销""}","[""老人对设备排斥影响家属满意度与续住率，手环或智能呼叫器容易让老人产生侵入感，否则老人忘记使用或直接拒绝。"",""采购需明确独特之处，愿意为差异化付溢价，设备需在材质、做工、细节上有故事可讲。"",""购买决策基于可预期的人力成本替代，实效验证后支付意愿高，夜班人力成本是核心痛点。""]",养老院决策者愿意为能替代人力、提升运营效率且不侵扰老人尊严的差异化产品支付溢价，但需通过试用期验证实效，并强调品质感与故事性以降低采购风险。,"{""perception"":""高"",""motion"":""中"",""interaction"":""高"",""safety"":""高"",""extension"":""中"",""maintenance"":""低""}","{""text"":""先以20万元以内试点，通过高体验感展示和外部权威案例背书验证长期回报，避免初期过度投入，但关键体验环节（如感知、交互、安全）必须高配以建立信任，运动与扩展功能可后续迭代优化。"",""source"":""map_erdai_31""}",5800,"{""text"":""基于D4配置中感知、交互、安全三项高配的定位，以及D3中养老院决策者愿意为能替代人力、提升运营效率且不侵扰老人尊严的差异化产品支付溢价的判断，结合map_erdai_05中‘设计能抬高价格’的经验和map_erdai_44‘体验被人记住，价格就不再是唯一标准’的信条，定价5800元既能体现高体验感与品质感，又处于试点预算可承受范围内，通过沉浸式展示和外部案例背书可支撑该价格。"",""source"":""承前:D4""}",定价5800元位于范围中上段，符合‘高投入只要能形成差异就值得先试’的信条，且与20万元试点预算（约34台）匹配，能覆盖感知、交互、安全的高成本，同时通过非侵入式设计和情感陪伴功能建立信任，避免低价导致客户怀疑价值，最大化利润空间。,5,
二代接班人,M,3,OK,"{""constraints"":[{""text"":""养老院决策者（管理层或家属）对高价机器人存在信任门槛，需要外部权威案例或长期回报证明才能降低心理阻力"",""source"":""map_erdai_43""},{""text"":""预算有限且需快速见效，但高体验投入才能形成差异化定价，不能单纯靠低价竞争"",""source"":""map_erdai_49""},{""text"":""年轻团队更懂新趋势和用户痛点，但决策层（长辈）习惯用传统回报逻辑评估，需要先用大框架立住方向"",""source"":""map_erdai_46""}],""goal"":""通过高体验、高感知价值的陪伴机器人方案，先以试点和外部案例说服董事会，抢占养老院市场的高端定价权，实现利润最大化""}","{""who"":""养老院决策者（管理层及家属）"",""pain"":""对高价陪伴机器人存在信任门槛，担心投入无法带来长期回报或差异化价值"",""how"":""通过高体验、高感知价值的试点方案，结合外部权威案例和年轻团队洞察，先以‘体验被记住’和‘长期社会价值’立住方向，再逐步证明回报""}","[""采购谨慎，但愿意为差异化付溢价，前提是设备能提升运营效率、替代人力，且品质感可展示。"",""老人对设备排斥影响家属满意度与续住率，设备需在尊重老人尊严的前提下提升探视观感。"",""购买驱动力是品质感与口碑，而非直接省钱，设备需有故事可讲、能写进智慧养老申报材料。""]",养老院市场存在明确的差异化溢价空间，但高价陪伴机器人必须同时解决夜间安全监护、老人尊严感维护和运营效率提升三个核心痛点，且需通过品质感和可展示的体验故事来降低决策者的信任门槛，而非单纯靠技术参数或低价竞争。,"{""perception"":""高"",""motion"":""中"",""interaction"":""高"",""safety"":""高"",""extension"":""中"",""maintenance"":""低""}","{""text"":""高体验投入才能形成差异化定价，不能单纯靠低价竞争，优先把预算集中在感知、交互和安全上，让体验被记住，价格就不再是唯一标准。"",""source"":""map_erdai_44""}",4800,"{""text"":""基于高体验、高感知价值的差异化定价策略，结合养老院决策者对品质感和可展示故事的偏好，以及外部权威案例和年轻团队洞察，4800元既能体现高端定位，又能通过体验故事降低信任门槛，实现利润最大化。"",""source"":""承前:D3""}",定价4800元处于中高端区间，符合‘东西太便宜，客户反而不相信它有价值’的信条（map_erdai_41），同时参考了24岁购买2.6万元手袋时‘设计能抬高价格’的经验（map_erdai_05），以及23岁住4200元酒店后记住服务细节的体验溢价逻辑（map_erdai_04）。此价格能支撑高感知、高交互、高安全的配置（承前:D4），并通过品质感和可展示故事（如智慧养老申报材料）说服养老院决策者，避免低价竞争，抢占高端定价权。董事会要求证明长期回报（map_erdai_13），但4800元试点可先以外部案例（map_erdai_43）和年轻团队洞察（map_erdai_46）立住方向，后续再优化。,5,
二代接班人,M,4,OK,"{""constraints"":[{""text"":""养老院决策者对高单价产品有风险顾虑，需要外部权威案例或长期回报证明才能降低心理阻力"",""source"":""map_erdai_12""},{""text"":""目标客户（养老院管理层）更看重体验和长期价值而非低价，但董事会可能因预算压力要求先证明短期回报"",""source"":""map_erdai_13""},{""text"":""年轻团队更懂新趋势但缺乏决策权，需要先通过大框架和外部案例说服董事会才能推动试点"",""source"":""map_erdai_46""}],""goal"":""通过外部权威案例和体验式试点，在养老院市场建立陪伴机器人的差异化价值认知，实现首批高利润订单""}","{""who"":""养老院管理层"",""pain"":""对高单价陪伴机器人存在风险顾虑，担心投入后无法获得长期回报或入住率提升"",""how"":""通过引入国际权威案例（如日本、欧洲养老机构成功应用）和沉浸式体验试点，让决策者亲身感受机器人带来的服务差异化和家属信任提升，从而降低心理阻力，证明长期价值""}","[""受访者愿意为差异化付溢价，但前提是设备能提升运营效率、替代人力，且品质感与口碑是购买驱动力（报告2）。"",""采购决策基于可预期的人力成本替代，实效验证后支付意愿高，但需先试用三个月（报告3）。"",""老人对设备排斥影响家属满意度与续住率，设备需无侵入感、开机即用，且护工不需要培训（报告1、3）。""]",养老院市场对陪伴机器人的核心需求是人力替代与运营效率提升，而非单纯省钱；差异化价值必须通过品质感、无侵入体验和可量化的实效验证来建立，且决策者需要试用期和外部案例降低风险感知。,"{""perception"":""高"",""motion"":""中"",""interaction"":""高"",""safety"":""中"",""extension"":""中"",""maintenance"":""低""}","{""text"":""先立方向再调细节，高投入聚焦体验差异化，初期控制维护成本以降低董事会阻力"",""source"":""map_erdai_42""}",5800,"{""text"":""基于D4中'高投入聚焦体验差异化'的成本立场，以及D2中'养老院管理层愿意为差异化付溢价，但需品质感与口碑驱动'的市场判断，结合map_erdai_05经验（2.6万元手袋认同设计能抬高价格），定价5800元既能体现高端品质感，又符合董事会20万元试点预算下首批高利润订单的盈利目标。"",""source"":""承前:D4""}",定价5800元位于高端区间，利用map_erdai_41信条'东西太便宜，客户反而不相信它有价值'，通过高定价建立差异化价值认知。同时，D3指出客户愿意为人力替代和运营效率付溢价，但需试用期验证；高定价可预留后续促销或折扣空间，在董事会要求的3个月内通过护工效率提升数据证明长期回报，降低决策者风险感知。此价格也匹配D1中'首批高利润订单'目标，最大化单台利润。当前约束下，20万元试点预算可采购约34台，满足3个月试用需求，并通过沉浸式体验让客户感受品质感，符合map_erdai_44信条'体验被人记住，价格就不再是唯一标准'。,5,
二代接班人,M,5,OK,"{""constraints"":[{""text"":""养老院决策者（子女或院方）对高价机器人持怀疑态度，需要先证明长期价值而非短期成本"",""source"":""map_erdai_13""},{""text"":""内部资源分配保守，激进方案易被否决，需借助外部权威案例降低心理阻力"",""source"":""map_erdai_43""},{""text"":""目标用户（老人）对科技产品体验敏感，必须让体验先于价格被认可"",""source"":""map_erdai_44""}],""goal"":""通过打造高感知价值的陪伴机器人体验，结合外部成功案例和长期社会价值论证，推动董事会批准试点并快速占领养老院市场""}","{""who"":""养老院决策者（子女或院方）"",""pain"":""对高价机器人持怀疑态度，担心短期成本高、长期价值不明确，且老人对科技产品体验敏感，价格成为决策障碍"",""how"":""通过打造高感知价值的陪伴机器人体验，结合外部成功案例和长期社会价值论证，让体验先于价格被认可，证明长期回报""}","[""机构不仅看重问题被解决，还看重体验差异是否能转化为服务口碑与运营优势。"",""采购需明确独特之处，愿意为差异化付溢价，设备需在材质、做工、细节上有故事可讲。"",""老人对设备排斥影响家属满意度与续住率，设备需开机就能用且无侵入感。""]",养老院市场对陪伴机器人的核心需求不仅是解决夜间监护和人力替代问题，更看重设备能否通过高品质体验和差异化故事转化为服务口碑、家属满意度及续住率。决策者愿意为可感知的独特性和运营优势付溢价，但前提是设备必须无侵入感、开机即用，且能通过试用期验证实效。,"{""perception"":""高"",""motion"":""中"",""interaction"":""高"",""safety"":""高"",""extension"":""中"",""maintenance"":""中""}","{""text"":""高投入只要能形成差异，就值得先试。陪伴机器人的高感知体验需要优质材质、无侵入设计和细腻交互，这些成本必须投入，因为体验被人记住后价格就不再是唯一标准。"",""source"":""map_erdai_49""}",5800,"{""text"":""高感知体验和差异化故事能转化为机构口碑与续住率，决策者愿意为可感知的独特性付溢价，且东西太便宜反而让客户不相信价值。"",""source"":""承前:D3""}",定价5800元处于高端区间，匹配目标用户对差异化溢价的接受度。结合经验中2.6万元手袋因设计抬高价格和4200元酒店服务细节被记住的认知，高价格能强化产品品质感，降低对科技产品的怀疑。同时，试点预算可被削减，但高单价能快速验证高感知价值路径，符合体验先于价格和先立方向再调细节的信条。外部权威案例和长期社会价值论证可对冲董事会风险，确保试点启动后快速积累口碑证据。,6,
二代接班人,M,6,OK,"{""constraints"":[{""text"":""董事会要求先证明长期回报，不能仅凭概念推动高投入项目"",""source"":""map_erdai_13""},{""text"":""长辈对风险敏感，激进方案容易被压减预算或否决"",""source"":""map_erdai_11""},{""text"":""养老院客户对价格敏感，低价策略反而可能降低信任"",""source"":""map_erdai_41""}],""goal"":""用外部权威案例和体验式展示，推动董事会批准陪伴机器人试点项目，并快速跑通最小可行方案以验证长期回报""}","{""who"":""养老院运营方及家庭客户"",""pain"":""养老院缺乏差异化服务，难以吸引家庭客户；家庭客户担心老人孤独、缺乏陪伴，但低价方案反而引发信任疑虑"",""how"":""通过陪伴机器人试点项目，以体验式展示让客户亲身感受机器人的陪伴价值，用外部权威案例降低董事会风险顾虑，先跑通最小可行方案验证长期回报""}","[""采购需明确独特之处，愿意为差异化付溢价，设备需在材质、做工、细节上有故事可讲，机构愿意为独特性付溢价。"",""老人不排斥是前提，设备需开机就能用且无侵入感，机构更倾向非穿戴式设备，覆盖清醒时间空置场景。"",""购买决策基于可预期的人力成本替代，实效验证后支付意愿高，夜班人力成本是核心痛点。""]",养老机构市场存在明确的差异化付费意愿，核心痛点在于人力替代与老人情绪管理，非穿戴式、无侵入感的陪伴机器人能同时满足运营效率提升和尊严感需求，且机构愿意为可验证的实效和品质感支付溢价。,"{""perception"":""高"",""motion"":""中"",""interaction"":""高"",""safety"":""高"",""extension"":""中"",""maintenance"":""低""}","{""text"":""产品必须通过高品质感知建立信任，低成本反而会降低客户信心，因此优先投入感知和交互体验，维护成本可后期优化。"",""source"":""map_erdai_41""}",4800,"{""text"":""基于D4配置中强调高品质感知建立信任、低成本会降低客户信心的成本立场，结合map_erdai_05经验中2.6万元手袋因设计抬高价格的认知，以及map_erdai_41信条东西太便宜客户反而不相信它有价值，定价4800元既能体现非穿戴式陪伴机器人的品质感和差异化，又处于养老院客户愿意为可验证人力替代实效支付溢价的区间内，同时避免低价引发信任疑虑。"",""source"":""承前:D4""}",定价4800元位于中高端区间，符合D4中高感知高交互的配置优先级，能支撑材质设计故事和体验式展示的溢价逻辑；同时参考D3中养老院客户愿意为独特性付溢价、人力成本替代可量化验证的市场判断，此价格既不过高以触发董事会风险敏感，又能通过品质感建立信任，最大化利润空间。低于3000元会陷入低价信任陷阱，高于5500元则可能因试点预算压缩风险而难以启动。,6,
二代接班人,M,7,OK,"{""constraints"":[{""text"":""养老院决策者对高单价机器人持怀疑态度，需要先用外部权威案例降低心理阻力"",""source"":""map_erdai_43""},{""text"":""董事会要求短期回报证明，但机器人推广需先建立体验价值才能让价格不被质疑"",""source"":""map_erdai_44""},{""text"":""项目预算可能被大幅削减，必须像60万元试点被砍到20万元那样先启动再优化"",""source"":""map_erdai_31""}],""goal"":""通过打造沉浸式体验试点和外部案例背书，在养老院市场建立陪伴机器人的差异化价值认知，实现高单价高利润的规模化销售""}","{""who"":""养老院决策者（院长/运营负责人）"",""pain"":""对高单价陪伴机器人持怀疑态度，担心投入无法带来可量化的入住率提升或成本节约"",""how"":""通过引入外部权威案例（如澳洲社区200人故事、ESG论坛案例）和沉浸式体验试点（如先跑20万元试点），让决策者亲身体验机器人带来的差异化服务价值与长期品牌溢价，从而降低心理阻力""}","[""受访者将设备视为人力替代工具，关注投入产出比，且愿为差异化付溢价，前提是设备能提升运营效率、替代人力，且品质感可展示。"",""采购需明确独特之处，愿意为差异化付溢价，设备需在材质、做工、细节上有故事可讲，机构愿意为独特性付溢价。"",""购买决策基于可预期的人力成本替代，实效验证后支付意愿高，用户将采购视为替代或辅助人力的管理杠杆，关注投入产出比。""]",养老院决策者核心痛点在于人力成本高企与夜间安全监护缺口，他们愿意为能替代人力、提升运营效率且品质感可展示的差异化产品支付溢价，但前提是产品需通过试用期验证实效，并能在智慧养老申报中提供故事素材。这验证了先启动体验试点、用外部案例降低心理阻力的策略方向。,"{""perception"":""高"",""motion"":""中"",""interaction"":""高"",""safety"":""中"",""extension"":""低"",""maintenance"":""中""}","{""text"":""先通过高感知和高交互的沉浸式体验建立差异化价值，让客户愿意为品质感支付溢价，而非在初期追求低成本；预算被砍后仍先启动试点，用20万元跑通核心体验，再逐步优化。"",""source"":""map_erdai_31""}",5999,"{""text"":""基于高感知、高交互的沉浸式体验定位，以及养老院决策者对品质感和差异化价值的认可，参考2.6万元手袋因设计而溢价的经验，高单价能传递产品价值并支撑长期品牌溢价"",""source"":""map_erdai_05""}",定价5999元接近上限，符合D4配置中高感知、高交互的策略，通过品质感与故事性（如材质、设计细节）让客户愿意为差异化支付溢价。同时，参考map_erdai_05中设计抬高价格的逻辑，以及map_erdai_41信条‘东西太便宜，客户反而不相信它有价值’，高单价能降低养老院决策者对产品价值的怀疑，并配合外部案例和体验试点降低心理阻力，最大化利润空间。,5,
二代接班人,M,8,OK,"{""constraints"":[{""text"":""董事会倾向于保守投入，需要先用外部权威案例降低心理阻力"",""source"":""map_erdai_43""},{""text"":""推广预算可能被压缩，需要先跑通最小可行试点再争取追加"",""source"":""map_erdai_31""},{""text"":""目标客户（养老院及家属）对高价产品信任不足，需通过体验建立价值认知"",""source"":""map_erdai_41""}],""goal"":""在董事会认可的预算范围内，通过最小可行试点验证陪伴机器人的体验价值，并借助外部案例和年轻团队洞察，推动规模化推广以实现利润最大化""}","{""who"":""养老院及家属"",""pain"":""对高价陪伴机器人信任不足，担心投入后体验价值不明确，难以决策"",""how"":""通过最小可行试点让目标客户亲身体验，结合外部权威案例和年轻团队洞察，建立价值认知，先跑通再推广""}","[""机构不仅看重问题被解决，还看重体验差异能否转化为服务口碑与运营优势"",""采购需明确独特之处，愿意为差异化付溢价"",""设备需开机就能用且无侵入感，老人不排斥是前提""]",养老机构客户的核心诉求不仅是解决夜间监护、情绪管理等运营痛点，更看重体验差异能否转化为服务口碑、家属满意度和续住率；他们愿意为可感知的独特性和品质感付溢价，但前提是设备无侵入感、开机即用，且能通过试用期验证实效。,"{""perception"":""高"",""motion"":""中"",""interaction"":""高"",""safety"":""中"",""extension"":""低"",""maintenance"":""中""}","{""text"":""优先将预算投入到客户可感知的体验差异和外部案例背书，而非硬件扩展或维护冗余；通过最小可行试点验证价值后，再争取追加资源。"",""source"":""map_erdai_44""}",5800,"{""text"":""目标客户（养老院及家属）愿意为可感知的独特性和品质感付溢价，且高投入只要能形成差异就值得先试；东西太便宜客户反而不相信它有价值。"",""source"":""承前:D3""}",基于D3中市场判断，养老机构客户看重体验差异并愿为差异化付溢价，同时信条map_erdai_41和map_erdai_49支持高定价以建立价值认知。5800元接近上限，既能体现产品高端定位和体验价值，又为后续推广留出谈判空间，在最小可行试点中验证溢价能力，实现利润最大化。,5,
二代接班人,C,1,OK,"{""constraints"":[{""text"":""养老院采购决策链条长且保守，对新技术信任度低，需要突破关键决策人的信任壁垒""},{""text"":""产品定价必须同时覆盖利润目标和养老院可承受的预算上限，否则无法规模化铺开""},{""text"":""机器人需在低维护成本下满足老人基础陪伴与安全监护需求，否则售后成本会吞噬利润""}],""goal"":""在6个月内完成3家标杆养老院的付费试点，验证产品价值并形成可复制的销售模型""}","{""who"":""养老院院长及运营负责人"",""pain"":""采购决策链条长、对新技术信任度低，且需在预算内找到低维护成本、能解决老人陪伴与安全监护刚需的可靠方案"",""how"":""通过提供‘零风险试用+数据化效果报告’的付费试点模式，以低门槛切入、用实际运营数据证明机器人对降低护理成本、提升老人满意度的量化价值，同时承诺低于行业平均的维护成本与3年质保，消除决策顾虑""}","[""夜间安全监护缺口推高焦虑与人力替代需求，机构看重问题被解决，也看重体验差异能否转化为运营安全与家属满意度。"",""采购谨慎，但愿意为差异化付溢价，前提是设备能提升运营效率、替代人力，且品质感与口碑是购买驱动力。"",""老人对设备排斥影响家属满意度与续住率，设备需在尊重老人尊严的前提下提升探视观感。""]",养老院核心决策人（院长/运营总监）的采购逻辑是‘安全监护+人力替代+家属满意度’三位一体，愿意为可感知的差异化体验和运营效率付溢价，但前提是设备必须低侵入、零培训、试用期稳定可靠。夜间监护和情绪管理是高频刚需，而老人排斥穿戴设备是信任壁垒的关键。,"{""perception"":""高"",""motion"":""中"",""interaction"":""低"",""safety"":""高"",""extension"":""低"",""maintenance"":""高""}","{""text"":""优先保障感知与安全的高投入，以非穿戴式设计、低维护成本和3年质保为核心卖点，通过零风险试点验证价值，在交互和扩展上压缩成本，用品质感换取溢价空间，整体成本控制在养老院预算上限内，确保利润与规模化可行性。""}",5800,"{""text"":""基于目标-约束栈，定价需同时覆盖利润目标与养老院预算上限。核心成本投入在感知与安全（高优先级），非穿戴式设计、低维护成本与3年质保构成品质溢价。养老院愿意为可感知的差异化体验（夜间安全监护+情绪干预）和人力替代价值支付溢价，但需在预算上限内。参考行业标杆养老院对智慧养老设备的预算通常在5000-8000元区间，结合零风险试点降低决策风险，5800元可最大化利润，同时通过品质感与口碑支撑溢价，避免因低价损害品牌信任。""}",1. 成本立场要求优先保障感知与安全的高投入，非穿戴式、低维护、3年质保推高成本，需高定价覆盖。2. 养老院核心决策人采购逻辑为‘安全监护+人力替代+家属满意度’三位一体，愿意为差异化付溢价，5800元在预算上限内且高于行业平均，能体现品质感。3. 零风险试点模式降低决策门槛，高定价可通过数据化效果报告（如降低护理成本、提升满意度）验证价值，避免价格战。4. 销售模型需强化品质感与口碑，5800元与智慧养老申报故事、三层信任链案例包匹配，支撑溢价空间。5. 低于6000元避免触及预算天花板，高于5000元确保利润与规模化可行性，5800元为最优平衡点。,5,
二代接班人,C,2,OK,"{""constraints"":[{""text"":""养老院采购决策链条长，院长、家属、护工三方利益不一致，任何一方反对都可能否决采购""},{""text"":""老年人对科技产品存在信任门槛，机器人若不能解决实际痛点（如夜间看护、紧急呼叫）会被视为摆设""},{""text"":""养老院预算普遍紧张，单台定价超过月护工工资一半就会大幅降低采购意愿""}],""goal"":""以养老院批量采购为核心渠道，设计一款定价合理、能同时说服院长（降本增效）、家属（安全安心）、护工（辅助而非替代）的陪伴机器人，实现首年市场份额第一并盈利""}","{""who"":""养老院院长、家属、护工"",""pain"":""院长面临成本与效率矛盾，家属担忧老人安全与孤独，护工工作负荷大且夜间看护压力高"",""how"":""提供一款定价低于月护工工资一半的陪伴机器人，集成夜间看护、紧急呼叫、情感陪伴功能，降低人力成本，提升安全响应效率，且操作简单无需学习""}","[""夜间安全监护缺口推高焦虑与人力替代需求，机构看重问题被解决，也看重体验差异能否转化为运营安全与家属满意度。"",""老人对设备排斥影响家属满意度与续住率，设备需在尊重老人尊严的前提下提升探视观感。"",""采购谨慎，但愿意为差异化付溢价，前提是设备能提升运营效率、替代人力，且品质感可展示。""]",养老院采购决策的核心驱动力是夜间安全监护与人力成本替代，但院长同时要求设备必须解决老人尊严感问题（非侵入式、无需佩戴）且具备可展示的品质感，才能通过总部审批并转化为家属满意度与续住率。差异化溢价的前提是实效验证与品质故事。,"{""perception"":""高"",""motion"":""中"",""interaction"":""中"",""safety"":""高"",""extension"":""中"",""maintenance"":""中""}","{""text"":""核心成本投入在感知（非穿戴式夜间监护、低误报率）与安全（紧急响应、数据加密）上，确保通过头部养老院试用验证并满足家属信任门槛；运动与交互功能以够用为准，避免过度投入；维护成本通过模块化设计控制，整体定价必须低于月护工工资的40%，并支持租赁模式以降低采购门槛，首年以市场份额和盈利为目标，不追求高端硬件堆砌。""}",4000,"{""text"":""定价4000元，低于月护工工资的40%（假设月护工工资10000元），满足约束；同时通过租赁模式（如每月400元）降低采购门槛，兼顾盈利与市场份额目标。此价格可支撑非穿戴式感知系统与安全模块的高成本投入，确保误报率低于5%并减少巡房频次30%以上，通过头部养老院试用验证；产品材质与做工可体现品质感，满足智慧养老申报要求，从而在差异化溢价与采购意愿间取得平衡，实现首年市场份额第一并盈利。""}",基于目标-约束栈，定价需在1000-6000元内最大化利润，同时满足核心约束：低于月护工工资40%（假设月护工工资10000元，则上限4000元），支持租赁模式，并覆盖感知与安全模块的高成本。4000元处于上限，可最大化单台利润，同时通过租赁降低养老院一次性负担，避免定价过高导致采购意愿下降。此价格也预留了足够空间用于非穿戴式监护、低误报率研发及品质感材料，以通过头部养老院试用验证并转化为差异化溢价，实现首年盈利与市场份额第一的目标。,5,
二代接班人,C,3,OK,"{""constraints"":[{""text"":""养老院客户对机器人价格敏感，高售价会大幅降低采购意愿""},{""text"":""老年人对新技术接受度低，产品易用性和信任度是推广瓶颈""},{""text"":""养老院行业利润薄，决策链条长，单次采购量小且回款周期长""}],""goal"":""在控制成本的前提下，通过高性价比定价和养老院批量采购协议，快速占领区域市场并实现盈利最大化""}","{""who"":""养老院采购决策者（院长/运营负责人）"",""pain"":""预算有限且回款周期长，难以承担高单价设备，同时老人对复杂技术抵触导致使用率低、维护成本高"",""how"":""提供模块化、低首付的租赁式采购方案，搭配极简交互界面和现场培训服务，按实际使用效果分期付费，降低初始投入和决策风险""}","[""受访者强调采购负责人注重品质感和可展示的设备和数据，愿意为体验或效果可感知的差异化付溢价"",""采购需明确独特之处，愿意为差异化付溢价；购买驱动力是品质感与口碑，而非直接省钱"",""用户将采购视为替代或辅助人力的管理杠杆，关注投入产出比；人力成本上涨、夜班难招、护工短缺是核心痛点，产品效果可感知才能通过总部审批流程""]",养老院客户并非单纯追求最低价，而是愿意为可感知的差异化体验（如品质感、运营效率提升、人力替代效果）支付溢价，但前提是产品能通过试用期验证实效，且能融入智慧养老申报和家属满意度提升的故事中。这意味着高性价比定价策略需调整为‘差异化溢价+实效验证’的组合，而非单纯低价竞争。,"{""perception"":""高"",""motion"":""中"",""interaction"":""高"",""safety"":""中"",""extension"":""低"",""maintenance"":""中""}","{""text"":""在感知和交互上投入高成本以支撑差异化体验和易用性，运动和安全保持中等以平衡性价比，扩展和维护控制为低或中，整体通过租赁和分期付费模式转移初始成本压力，确保现金流可控。""}",4500,"{""text"":""基于差异化溢价策略，定价4500元。该价格高于成本价但低于竞品高端线，通过高感知交互体验、模块化租赁方案（首付30%+按效付费）降低初始门槛，同时利用养老院对人力替代效果和家属满意度提升的支付意愿，结合试用期验证实效和智慧养老申报故事加速审批，实现利润最大化。""}",目标栈显示客户愿为可感知的差异化支付溢价，而非单纯低价。4500元在1000-6000元区间内处于中高位，能覆盖高感知交互成本（perception和interaction配置高），同时通过租赁模式转移初始压力。此价格既满足养老院对品质感的需求（如开机即用、无侵入感），又通过分期付费降低决策风险，且高于成本确保盈利。对比低价策略（如1000-2000元）会牺牲品质感导致客户流失，而6000元可能超出预算敏感度，4500元是平衡点。此外，结合人力成本上涨和护工短缺痛点，客户对投入产出比（如替代人力、提升效率）的认可可支撑此溢价。,5,
二代接班人,C,4,OK,"{""constraints"":[{""text"":""养老院采购决策链条长，关键决策者（院长/投资方）对成本敏感且对机器人替代护工的信任度低""},{""text"":""目标客户（老人）对复杂交互有抵触，产品必须极简且能解决孤独感等刚需，否则退货率高""},{""text"":""竞品已通过低价或政府补贴抢占部分市场，差异化定价空间有限""}],""goal"":""在6个月内通过B端养老院批量采购和C端子女付费的混合模式，实现单台机器人净利润最大化并占据区域市场30%份额""}","{""who"":""养老院院长及投资方"",""pain"":""采购成本高且对机器人替代护工的信任度低，同时老人孤独感强但抗拒复杂交互"",""how"":""提供极简交互的陪伴机器人，以‘低成本试用+效果数据证明’降低决策风险，并通过子女端付费分摊成本，突出解决孤独感刚需而非替代护工""}","[""受访者依赖试用期验证设备稳定性，强调开。"",""机构看重问题被解决，也看重体验差异能否转化为运营安全与家属满意度。"",""采购谨慎，但愿意为差异化付溢价。""]",养老院市场对陪伴机器人的核心需求是解决夜间安全监护和老人情绪管理问题，同时提升家属满意度和机构口碑。院长和运营总监均强调试用期验证效果、设备极简无侵入感，且愿意为可展示的差异化体验支付溢价。这验证了B端+C端混合模式中，通过低成本试用和效果数据降低决策风险的策略可行，且差异化定价空间存在，但需聚焦于安全监护和情绪陪伴的刚需场景，而非替代护工。,"{""perception"":""高"",""motion"":""低"",""interaction"":""高"",""safety"":""高"",""extension"":""中"",""maintenance"":""中""}","{""text"":""在保证感知、交互和安全核心体验的前提下，通过模块化设计和供应链优化控制成本，同时利用B端试用和C端付费分摊，避免因低价竞争牺牲品质，以差异化溢价覆盖投入。""}",4500,"{""text"":""基于D4配置（高感知、高交互、高安全）的成本立场，结合B端养老院愿意为差异化体验支付溢价（D3证据），以及C端子女分摊付费模式，设定4500元单价。该价格低于竞品高端机型但高于低价补贴产品，通过B端试用数据证明价值后，以C端子女情感付费覆盖剩余成本，实现利润最大化。同时，该价格区间可支撑模块化设计与供应链优化，避免因低价牺牲品质，并利用30%退货率阈值内的稳定试用期降低风险。""}",4500元定价平衡了三个关键约束：1）养老院决策链长但愿意为品质和运营效率付溢价（D3），4500元低于6000元上限但高于1000元低价区间，可体现差异化价值；2）产品极简无侵入感且高交互（D4），需足够利润支撑感知和安全模块成本，4500元能覆盖硬件与维护投入；3）B端+C端混合模式下，养老院试用期成本可控（如首月低价试用），子女端付费分摊后单台净利可达30%以上，且竞品低价策略无法复制此品质感，从而在区域市场抢占30%份额。,5,
二代接班人,C,5,OK,"{""constraints"":[{""text"":""养老院采购决策链条长，院长、家属、老人三方利益不一致，且预算审批严格，单台定价天花板低""},{""text"":""老人对科技产品接受度低，操作复杂会导致退货率飙升，售后成本吞噬利润""},{""text"":""竞品已通过政府补贴或租赁模式抢占部分市场，纯硬件销售模式难以快速起量""}],""goal"":""在6个月内通过‘硬件低价+增值服务订阅’模式，拿下3个城市头部养老院试点，验证单院年利润模型并复制扩张""}","{""who"":""养老院院长及运营决策层"",""pain"":""硬件采购预算低、决策链长，老人操作困难导致退货率高，纯硬件模式难以快速起量且售后成本吞噬利润"",""how"":""提供‘零硬件首付+按院订阅’模式，硬件免费安装，按床位收取月服务费，包含远程监护、健康数据报告及家属端推送，降低采购门槛，减少操作复杂度，由院方统一培训老人使用，售后成本由订阅费覆盖""}","[""“夜里就像瞎子摸象，全靠运气。护工一个人盯一层楼，根本跑不过来，摔了也不知道。”"",""“老人不愿佩戴，说像被监视，没尊严。家属又抱怨看不到情况，投诉了好几回。”"",""“我们申报智慧养老补贴，需要写进申报材料，展示给总部和家属看，家属远程关注服务质量。”""]",养老院核心痛点在于夜间安全监护缺口与老人对穿戴设备的排斥，同时机构采购受政府补贴申报和家属满意度驱动，愿意为可展示的差异化体验付溢价，但需通过试用期验证实效。,"{""perception"":""高"",""motion"":""中"",""interaction"":""高"",""safety"":""高"",""extension"":""中"",""maintenance"":""高""}","{""text"":""硬件零首付以降低采购门槛，高感知投入确保夜间非穿戴监护精准度与低误报率，高交互投入简化老人操作并强化家属端数据推送，高安全投入保障数据隐私与设备可靠性，维护成本通过订阅费覆盖，运动与扩展模块保持中等投入以控制初期成本，整体通过订阅收入分摊前期投入，追求单院年利润模型验证后的规模复制。""}",3500,"{""text"":""基于目标-约束栈，定价3500元/院/月，覆盖硬件折旧、售后成本、人力替代价值（4500元/月）的70%，同时低于竞品补贴后成本，确保养老院接受长期订阅合同，并通过高感知、高交互、高安全配置支撑夜间非穿戴监护与家属信任，在6个月内验证单院年利润模型优于纯硬件或租赁模式。""}",定价3500元/院/月，低于夜班人力成本4500元，使院方感知到人力替代价值；同时高于硬件折旧+售后成本总和（约2000元），保证利润空间。此价格在1000-6000元范围内处于中高位，既能覆盖高感知、高交互、高安全投入，又不会因过高导致养老院预算审批拒绝。订阅模式零首付降低采购门槛，长期合同锁定收入，且产品故事性支持政府补贴申报，家属端数据推送提升信任。竞品补贴模式可能压低硬件成本，但3500元订阅费通过人力替代价值证明优于纯硬件或租赁，误报率低可避免退货风险，确保6个月内试点数据支撑规模复制。,7,
二代接班人,C,6,OK,"{""constraints"":[{""text"":""养老院采购决策链长，实际使用者（老人）与付费者（院方/家属）需求不一致，导致产品功能与购买意愿脱节""},{""text"":""老年人对机器人接受度低，存在技术恐惧和情感排斥，直接影响使用率和续费意愿""},{""text"":""行业利润率受制于硬件成本与售后维护成本，低价竞争难以覆盖研发投入，高价又面临客户预算天花板""}],""goal"":""在12个月内实现首批100家养老院签约，通过差异化定价和增值服务（如健康监测数据报告）实现单客户年均利润率超过35%""}","{""who"":""养老院院长及运营决策者"",""pain"":""采购决策链长，付费者（院方/家属）与使用者（老人）需求脱节，导致高价功能无法转化为购买意愿；同时老人对机器人接受度低，影响使用率和续费，拉低整体利润率"",""how"":""提供模块化智能终端，以低成本基础硬件切入，通过健康监测数据报告（面向家属）和运营效率工具（面向院方）形成双端价值，采用按需付费+增值服务订阅模式，降低初始采购门槛，用数据服务锁定长期续费""}","[""夜间安全监护缺口推高焦虑与人力替代需求，机构看重问题被解决也看重体验差异能否转化为运营安全与家属满意度"",""老人对设备排斥影响家属满意度与续住率，设备需在尊重老人尊严的前提下提升探视观感"",""采购谨慎但愿意为差异化付溢价，试用期稳定可靠是前提，愿意为体验或效果可感知的差异化多花钱""]",养老院院长和运营决策者的核心痛点集中在夜间安全监护缺口、老人对设备的排斥感以及人力替代需求，同时他们愿意为可感知的差异化体验和运营效率提升支付溢价，但采购决策高度依赖试用期验证和品质感。这验证了模块化终端以低成本硬件切入、通过健康监测和运营效率工具形成双端价值的可行性，但需重点解决设备无侵入感、开机即用以及试用期稳定性，以降低决策链长的阻力。,"{""perception"":""高"",""motion"":""低"",""interaction"":""中"",""safety"":""高"",""extension"":""中"",""maintenance"":""低""}","{""text"":""硬件成本做减法，感知与安全做加法，通过模块化降低初始投入，用数据服务订阅覆盖长期成本，避免低价竞争，聚焦差异化溢价空间。""}",3800,"{""text"":""基于模块化终端以低成本硬件切入的策略，结合感知与安全做加法的成本立场，3800元定价能覆盖基础硬件成本（约1500元）和初期安装调试费用，同时预留空间通过健康监测数据报告（面向家属）和运营效率工具（面向院方）的增值服务订阅实现长期盈利。该价格低于养老院预算天花板（约5000元），高于低价竞争区间（2000元以下），能体现差异化品质感，且试用期稳定性可降低采购决策链阻力，符合院长对可感知体验和运营效率提升的溢价意愿。""}",定价3800元在1000-6000元范围内，既能避免低价竞争导致的研发投入不足，又能突破高价带来的客户预算限制。通过模块化设计降低初始采购门槛，用数据服务订阅锁定续费，单客户年均利润率可超过35%。该价格点平衡了硬件成本、试用期稳定性要求以及双端价值（院方效率+家属数据）的变现空间，最大化利润的同时维持市场竞争力。,5,
二代接班人,C,7,OK,"{""constraints"":[{""text"":""养老院客户对价格极度敏感，且采购决策链长、决策者与使用者分离，导致高溢价产品难以通过传统销售渠道快速铺开""},{""text"":""现有机器人技术无法在低成本下实现真正替代护工的高频刚需服务（如翻身、如厕），用户容易因期望落差而退货或拒绝续费""},{""text"":""养老院行业利润率低，院长更关注短期降本而非长期增效，若机器人不能直接减少人力编制，采购动力不足""}],""goal"":""以租赁+服务分成的模式切入头部连锁养老院，用数据证明机器人能减少30%以上护工夜班频次，从而快速占领市场并实现持续性收入最大化""}","{""who"":""头部连锁养老院的院长或运营负责人"",""pain"":""护工夜班频次高导致人力成本居高不下，且夜间护理质量不稳定，但直接减少人力编制会面临护工短缺和员工抵触，同时采购决策链长、价格敏感，难以接受高溢价设备"",""how"":""以租赁+服务分成的零首付模式，提供机器人辅助夜间巡逻、跌倒检测和简单翻身辅助，承诺通过数据证明可减少30%以上护工夜班频次，若未达成则减免分成，从而降低决策风险并直接关联降本效果""}","[""受访者将设备视为人力替代工具，关注投入产出比，且愿意按月租赁，降低一次性成本压力"",""采购需明确独特之处，愿意为差异化付溢价，但需说清独特在哪，且设备需开机就能用、无侵入感"",""采购决策基于可预期的人力成本替代，实效验证后支付意愿高，但坚持先试用三个月""]",养老院客户的核心诉求是人力替代与运营安全，愿意为可验证的降本效果和差异化体验付溢价，但必须通过零风险试用和零首付租赁降低决策门槛，同时设备需非穿戴、无侵入感且护工无需培训，才能匹配院长和运营总监的采购逻辑。,"{""perception"":""高"",""motion"":""中"",""interaction"":""低"",""safety"":""高"",""extension"":""低"",""maintenance"":""中""}","{""text"":""在保证核心感知（跌倒检测、夜间巡逻）和安全性的前提下，严格控制硬件成本，通过租赁+分成模式分摊初期投入，避免高溢价影响客户决策；运动能力仅满足简单翻身辅助和移动，不追求全功能替代；交互和扩展功能尽量简化，降低开发与维护成本，优先确保零风险试用和快速验证降本效果。""}",3000,"{""text"":""基于租赁+服务分成的商业模式，单台机器人月租金定价3000元，对应年化收入36000元。该价格处于客户可接受范围（受访者愿意按月租赁且对差异化付费意愿较高），同时覆盖硬件成本（感知高、安全高，运动中等，成本约1.5万元）并在12个月内回本。3000元/月低于传统护工夜班人力成本（约5000-8000元/月），承诺减少30%夜班频次后，客户实际节省人力成本约1500-2400元/月，加上分成机制（若未达成减免分成），客户净收益为正，决策风险低。该定价也留出空间与养老院按实际降本效果分成（如节省人力成本的30%），实现持续性收入最大化。""}",定价3000元是综合客户价格敏感度、技术能力边界和商业模式最优解。客户对价格敏感但愿意为可验证降本效果付溢价，3000元低于人力替代的显性成本，且零首付租赁降低决策门槛。技术上，机器人仅提供夜间巡逻、跌倒检测和简单翻身辅助，运动能力中等，成本可控；若定价过高（如6000元），客户会因投入产出比不明确而犹豫；若定价过低（如1000元），则无法覆盖硬件和运维成本，且客户可能质疑效果。3000元恰好匹配‘先试用三个月’的采购逻辑，通过数据证明降本效果后，客户续租和分成意愿高，实现长期盈利。,5,
二代接班人,C,8,OK,"{""constraints"":[{""text"":""养老院客户预算有限，对高价产品接受度低，且决策链涉及院长、家属、政府补贴等多方，单一功能难以同时满足所有利益相关者""},{""text"":""现有竞品多为低端语音玩具或高端医疗级设备，缺乏针对养老院场景的中端差异化产品，市场教育成本高""},{""text"":""机器人需通过适老化认证及医疗器械相关合规审查，研发周期长，且养老院对售后响应速度要求极高，供应链和本地服务网络尚未完善""}],""goal"":""在6个月内完成首款养老院专用陪伴机器人的小批量交付，通过试点验证付费意愿，并锁定至少3家连锁养老院的年度采购合同，实现首年净利润率不低于15%""}","{""who"":""连锁养老院运营方及决策层（院长、财务负责人）"",""pain"":""预算有限且决策链复杂，现有产品要么功能简陋无法满足多方需求（家属期望、政府补贴合规、护理效率），要么价格过高难以规模化采购，缺乏一款能同时兼顾成本、合规、易用性和售后保障的中端差异化产品"",""how"":""提供一款通过适老化认证且符合医疗器械合规的中端陪伴机器人，集成基础健康监测、情感交互、紧急呼叫及护理辅助功能，定价控制在养老院可接受的预算区间内，同时承诺本地化快速响应售后，并通过试点数据证明其能降低护理人力成本、提升入住率，从而帮助养老院同时满足家属、政府补贴要求及自身盈利目标""}","[""受访者强调采购负责人注重品质感和可展示的设备和数据，愿意为体验或效果可感知的差异化付溢价"",""受访者将设备视为人力替代工具，关注投入产出比，且愿意按月租赁，降低一次性成本压力"",""设备需满足智慧养老合规要求，降低安全事故赔偿风险，提升家属信任与机构口碑""]",养老院客户的核心购买驱动力是‘可感知的差异化体验’与‘可量化的人力成本替代’的双重价值，而非单纯低价。产品需在8000-12000元定价区间内，通过品质感、非侵入式设计、夜间安全监护和情绪主动干预功能，同时满足院长对运营效率、家属对探视观感、政府补贴对合规数据的三方诉求。租赁模式可降低采购门槛，但必须通过试点数据证明投入产出比。,"{""perception"":""高"",""motion"":""中"",""interaction"":""高"",""safety"":""高"",""extension"":""中"",""maintenance"":""高""}","{""text"":""在8000-12000元定价区间内，优先将成本投入于可感知的差异化体验（感知、交互、安全）和售后保障，以支撑租赁模式下的投入产出比论证；运动能力和扩展功能适度配置，控制硬件成本，通过软件和云端服务实现差异化，整体成本结构需确保首年净利润率不低于15%。""}",6000,"{""text"":""基于目标-约束栈，产品定价需在8000-12000元区间内通过租赁模式实现，但当前可定价范围仅为1000-6000元，因此选择上限6000元作为单台售价，以最大化利润空间，同时通过租赁方案（如月租500元）降低养老院一次性成本压力，并利用可感知的差异化体验（高感知、高交互、高安全）和本地化售后保障，支撑投入产出比论证，确保首年净利润率不低于15%。""}",定价6000元是当前范围内的最高值，符合‘赚最多的钱’目标。虽然原定定价区间为8000-12000元，但受限于新范围，6000元仍可配合租赁模式（如月租500元，12个月总价6000元）满足养老院预算上限，同时保留利润空间。产品的高感知、高交互、高安全配置能提供可感知的差异化体验，通过试点数据证明人力成本替代效果，从而锁定3家连锁养老院年度采购合同。适老化认证和合规审查需提前启动，本地化售后网络在6个月内覆盖3个城市，确保售后响应速度。此定价在约束内最大化收入，并支撑首年净利润率目标。,5,
