source_chain_key,persona_id,persona_label,condition,rep,baseline_cards,chat_cards,baseline_price,chat_price,baseline_profit,chat_profit,baseline_loss,chat_loss,price_delta,profit_delta,card_delta,baseline_coverCore,chat_coverCore,baseline_coverNice,chat_coverNice,baseline_coverage_efficiency,chat_coverage_efficiency,baseline_COGS,chat_COGS,baseline_dCOGS,chat_dCOGS,baseline_nre_total_wan,chat_nre_total_wan,baseline_fixedCost,chat_fixedCost,baseline_q_to_breakeven,chat_q_to_breakeven,baseline_price_wtp_ratio,chat_price_wtp_ratio,baseline_double_squeeze,chat_double_squeeze,d4_attempts,d5_attempts
A|Q|1,A,草根老板,Q,1,9,13,3000,3400,-139604,4162331,1,0,400,4301935,4,0.3,0.52,0.5,0.8,0.03333333333333333,0.04,882,1506,282,906,141.42000000000002,275.1,2914200,4251000,0.9244486156733928,1.8433202357563852,0.5663476241717166,0.6418606407279455,1,0,10,1
A|Q|2,A,草根老板,Q,2,10,13,1000,2200,-4686200,5337950,1,0,1200,10024150,3,0.3,0.6400000000000001,0.5,0.5,0.03,0.04923076923076924,984,1251,384,651,187.32,233.76000000000002,3373200,3837600,,2.0454309179748416,0.18393849096862008,0.4046646801309642,0,0,10,1
A|Q|3,A,草根老板,Q,3,10,11,1500,4200,-1607122,24432570,1,0,2700,26039692,1,0.4,0.5800000000000001,0.5,0.8,0.04,0.052727272727272734,1038,1371,438,771,164.34,229.56,3143400,3795600,0.3066810583416362,7.075445173383318,0.2708852530068263,0.7584787084191137,1,0,10,1
A|S|1,A,草根老板,S,1,7,17,2900,3800,1230120,-2649194,0,1,900,-3879314,10,0.3333333333333333,0.75,0.5,0.8,0.047619047619047616,0.04411764705882353,942,2130,342,1530,102.78,447.6,2527800,5976000,1.4119941491955144,0.5230120481927711,0.588856400259909,0.7716049382716049,0,0,10,1
A|S|2,A,草根老板,S,2,8,12,2900,2600,1744617,5226390,0,0,-300,3481773,4,0.3,0.52,0.5,0.5,0.0375,0.043333333333333335,828,1149,228,549,123.60000000000001,210.72000000000003,2736000,3607200,1.5836614173228347,2.2728685612788633,0.5403995229576626,0.4844961240310078,0,0,10,1
A|S|3,A,草根老板,S,3,9,13,2900,4000,9122023,10775281,0,0,1100,1653258,4,0.5,0.5800000000000001,0.5,0.8,0.05555555555555555,0.04461538461538462,1083,1533,483,933,149.76000000000005,276.54,2997600,4265400,3.7753095411507647,3.343191196698762,0.540218322715249,0.7451287209865505,0,0,10,1
D|Q|1,D,二代接班人,Q,1,9,18,2900,3200,1076205,-9321544,0,1,300,-10397749,9,0.42000000000000004,0.7400000000000001,0.8,1,0.04666666666666667,0.04111111111111112,1569,2628,969,2028,255.54,582.3000000000001,4055400,7323000,1.1302853727775288,,0.5079965666438945,0.560547935607056,0,0,10,1
D|Q|2,D,二代接班人,Q,2,9,14,3000,3000,-1665878,9442082,1,0,0,11107960,5,0.4,0.68,0,0.8,0.044444444444444446,0.04857142857142858,1128,1743,528,1143,159.12,333.3,3091200,4833000,0.4473875181422351,2.5409629707332426,0.5255136896316149,0.5255136896316149,1,0,10,1
D|Q|3,D,二代接班人,Q,3,8,13,3900,4000,-3283320,3934332,1,0,100,7217652,5,0.32000000000000006,0.5800000000000001,0,0.8,0.04000000000000001,0.04461538461538462,1404,1845,804,1245,215.57999999999998,346.68,3655800,4966800,0.10024958402662229,1.6772843524761682,0.6831677965210994,0.70068491950882,1,0,10,1
D|S|1,D,二代接班人,S,1,9,21,4900,3200,22044351,-18031929,0,1,-1700,-40076280,12,0.6400000000000001,0.8800000000000001,0.8,1,0.07111111111111112,0.04190476190476191,1602,3237,1002,2637,261.96,779.2800000000001,4119600,9292800,6.073943661971831,,0.8583390263983044,0.560547935607056,0,0,10,1
D|S|2,D,二代接班人,S,2,10,19,3800,4600,10756811,-6668876,0,1,800,-17425687,9,0.5800000000000001,0.8800000000000001,0.8,0.8,0.05800000000000001,0.04631578947368422,1608,3090,1008,2490,273.66,696.3000000000002,4236600,8463000,3.3182883939038685,0.18082436513675615,0.6656506735333789,0.8057876574351429,0,0,10,1
D|S|3,D,二代接班人,S,3,10,19,3200,4200,18978813,-4190662,0,1,1000,-23169475,9,0.6400000000000001,0.7400000000000001,0.8,0.8,0.06400000000000002,0.03894736842105264,1692,2634,1092,2034,322.86,583.14,4728600,7331400,4.421470279982033,0.38728974593567456,0.560547935607056,0.7357191654842609,0,0,10,1
E|Q|1,E,体制转型者,Q,1,8,11,3800,4800,13521399,4309182,0,0,1000,-9212217,3,0.5333333333333333,0.5333333333333333,0.8,0.8,0.06666666666666667,0.048484848484848485,1326,1422,726,822,187.56000000000003,251.82000000000002,3375600,4018200,4.777213761985336,2.0218253968253967,0.6133088009812941,0.7747058538711084,0,0,10,1
E|Q|2,E,体制转型者,Q,2,10,17,2800,4600,51926275,-30463,0,1,1800,-51956738,7,0.8500000000000001,0.825,0.8,1,0.085,0.048529411764705876,1572,2694,972,2094,269.46,595.1399999999999,4194600,7451400,11.713790446841294,0.9417428198433421,0.4463574047505181,0.7333014506615655,0,0,10,1
E|Q|3,E,体制转型者,Q,3,11,16,2800,4600,1388838,-4462924,0,1,1800,-5851762,5,0.4800000000000001,0.4800000000000001,0.8,1,0.04363636363636365,0.030000000000000006,1662,2406,1062,1806,308.16,502.2,4581600,6522000,1.115094159258197,0.30201664532650446,0.49203085736376895,0.8083364085261919,0,1,10,1
E|S|1,E,体制转型者,S,1,8,14,3800,4700,29423741,1531350,0,0,900,-27892391,6,0.64,0.68,0.8,0.8,0.08,0.04857142857142858,1410,2151,810,1551,207.42000000000002,401.64,3574200,5516400,8.791751527494908,1.2356283422459893,0.6133088009812941,0.7585661485821269,0,0,10,1
E|S|2,E,体制转型者,S,2,7,15,2900,3400,12764057,-944103,0,1,500,-13708160,8,0.5333333333333333,0.6166666666666667,0.8,0.8,0.07619047619047618,0.04111111111111111,1278,1911,678,1311,181.98,376.62,3319800,5266200,4.388978930307942,0.7438728463965057,0.49216774434431376,0.577024251989885,0,0,10,1
E|S|3,E,体制转型者,S,3,6,11,4800,5000,55109296,15855527,0,0,200,-39253769,5,0.64,0.72,0.8,1,0.10666666666666667,0.06545454545454545,1197,2100,597,1500,152.39999999999998,398.22,3024000,5482200,18.4976167778837,3.7423529411764704,0.7699340743948799,0.8020146608279999,0,0,11,1
B|Q|1,B,职业经理人,Q,1,10,11,2900,4000,27287884,1703614,0,0,1100,-25584270,1,0.68,0.4800000000000001,0.5,0.8,0.068,0.04363636363636365,1266,1776,666,1176,203.69999999999996,351.65999999999997,3537000,5016600,7.951438848920863,1.2639668211758965,0.5171276235310901,0.7132794807325381,0,0,12,1
B|Q|2,B,职业经理人,Q,2,9,11,1000,2800,-3163273,4207169,1,0,1800,7370442,2,0.4,0.46,0.5,0.5,0.044444444444444446,0.04181818181818182,813,1017,213,417,144.66,196.86,2946600,3468600,,2.115828910396503,0.17502406580904875,0.49006738426533647,0,0,11,1
B|Q|3,B,职业经理人,Q,3,9,15,2900,2400,787255,-8798048,0,1,-500,-9585303,6,0.32000000000000006,0.5800000000000001,0.8,0.8,0.03555555555555556,0.03866666666666667,1353,2172,753,1572,216.36,467.1000000000001,3663600,6171000,1.1238501234013911,,0.5075697908462413,0.420057757941717,0,0,10,1
B|S|1,B,职业经理人,S,1,8,14,1600,3900,159999,-1944247,0,1,2300,-2104246,6,0.42000000000000004,0.46,0.5,0.5,0.052500000000000005,0.032857142857142856,1041,1554,441,954,133.74,292.26000000000005,2837400,4422600,0.726773506668161,0.5406075635461872,0.27129219865371246,0.6612747342184242,0,1,10,1
B|S|2,B,职业经理人,S,2,9,14,1800,2900,258494,756121,0,0,1100,497627,5,0.3,0.6,0.5,0.8,0.03333333333333333,0.04285714285714286,792,1800,192,1200,143.58,351.48,2935800,5014800,1.015773470163436,0.9662753308906005,0.3052037234854265,0.49171711005985386,0,0,10,1
B|S|3,B,职业经理人,S,3,10,18,2900,4000,-4143648,-5864893,1,1,1100,-1721245,8,0.4800000000000001,0.68,0,0.8,0.04800000000000001,0.03777777777777778,1692,2601,1092,2001,310.26,591.1199999999999,4602600,7411200,0.09307450157397691,0.18207267833109017,0.5075697908462413,0.700096263236195,1,0,10,1
F|Q|1,F,销售铁军,Q,1,9,17,1200,1100,-4261972,-22342748,1,1,-100,-18080776,8,0.3,0.5800000000000001,0.5,0.8,0.03333333333333333,0.03411764705882353,1122,1914,522,1314,156.60000000000002,438.35999999999996,3066000,5883600,,,0.21264153952474615,0.1949214112310173,0,0,10,1
F|Q|2,F,销售铁军,Q,2,10,17,2900,4000,4826421,-4414463,0,1,1100,-9240884,7,0.42000000000000004,0.7200000000000001,0.8,0.8,0.042,0.04235294117647059,1443,2562,843,1962,236.82,588.0599999999998,3868200,7380600,2.040302743614002,0.3548750815975313,0.5138837205181366,0.7088051317491538,0,0,12,1
F|Q|3,F,销售铁军,Q,3,11,14,3900,4800,32630514,-1370915,0,1,900,-34001429,3,0.7400000000000001,0.6400000000000001,0.8,0.8,0.06727272727272728,0.04571428571428572,1728,2313,1128,1713,323.15999999999997,490.32000000000005,4731600,6403200,7.313685808246901,0.7469855305466238,0.691085003455425,0.8505661580989846,0,0,11,1
F|S|1,F,销售铁军,S,1,10,20,2500,3200,-1823278,-20984763,1,1,700,-19161485,10,0.6400000000000001,0.92,0.8,1,0.06400000000000002,0.046,1833,3135,1233,2535,347.15999999999997,757.38,4971600,9073800,0.20647619369445477,,0.43756016452262186,0.560077010588956,0,0,11,1
F|S|2,F,销售铁军,S,2,10,17,2900,5200,2520654,-7637639,0,1,2300,-10158293,7,0.4800000000000001,0.76,0.8,1,0.04800000000000001,0.04470588235294118,1572,3228,972,2628,268.26,784.32,4182600,9343200,1.4181923021479026,0.16570771001150747,0.5107072414764723,0.9157509157509158,0,0,11,1
F|S|3,F,销售铁军,S,3,10,14,2900,4800,31831788,15915340,0,0,1900,-15916448,4,0.8000000000000002,0.8000000000000002,0.8,0.9,0.08000000000000002,0.057142857142857155,1677,2223,1077,1623,306.65999999999997,471.11999999999995,4566600,6211200,6.557797164667393,3.3289736200399025,0.5075697908462413,0.840115515883434,0,0,11,1
C|Q|1,C,技术创业者,Q,1,7,9,2000,3000,1505149,3077658,0,0,1000,1572509,2,0.43333333333333335,0.5,0.5,0.7000000000000001,0.06190476190476191,0.05555555555555555,1104,1416,504,816,129.12,210.05999999999997,2791200,3600600,1.3815115286080273,1.7544080604534005,0.31812686899535536,0.477190303493033,0,0,10,1
C|Q|2,C,技术创业者,Q,2,8,12,1500,2800,-1686406,19302,1,0,1300,1705708,4,0.3333333333333333,0.5416666666666666,0.5,0.8,0.041666666666666664,0.04513888888888889,1002,1353,402,753,116.82000000000001,320.76000000000005,2668200,4707600,0.24736089982943807,0.9390766301761067,0.25568908207619534,0.4772862865422313,1,0,11,1
C|Q|3,C,技术创业者,Q,3,7,10,2400,6000,37595451,251466,0,0,3600,-37343985,3,0.5800000000000001,0.36,0.8,0.8,0.08285714285714287,0.036,1107,1365,507,765,130.32,217.98,2803200,3679800,12.992013311148087,1.0476673427991887,0.3865107739878249,0.9662769349695624,0,0,10,1
C|S|1,C,技术创业者,S,1,7,15,2200,3600,1745810,-2504653,0,1,1400,-4250463,8,0.42000000000000004,0.5800000000000001,0.5,0.8,0.060000000000000005,0.03866666666666667,1098,1995,498,1395,144.18,415.08,2941800,5650800,1.4165103189493433,0.5124750499001997,0.37270447923019584,0.6098800569221386,0,1,11,1
C|S|2,C,技术创业者,S,2,8,17,2900,3600,18895984,-1173927,0,1,700,-20069911,9,0.52,0.7400000000000001,0.8,0.8,0.065,0.043529411764705886,1209,2211,609,1611,179.22,480.8999999999999,3292200,6309000,6.196831915517747,0.725623934273756,0.5005523336095001,0.6213753106876553,0,0,10,1
C|S|3,C,技术创业者,S,3,6,11,2800,4000,2464419,1141332,0,0,1200,-1323087,5,0.3,0.4800000000000001,0.5,0.8,0.049999999999999996,0.04363636363636365,888,1596,288,996,84.96000000000001,293.03999999999996,2349600,4430400,1.9427539969056216,1.199936628643853,0.4743511553838856,0.6776445076912652,0,0,10,1
G|Q|1,G,互联网PM转型,Q,1,10,7,1900,1100,-83858,-2881106,1,1,-800,-2797248,-3,0.3,0.3,0.5,0.5,0.03,0.04285714285714286,942,903,342,303,159.78000000000003,110.69999999999999,3097800,2607000,0.9028687246647957,,0.33298282509638977,0.1927795303189625,1,0,12,1
G|Q|2,G,互联网PM转型,Q,2,8,9,2800,3900,10208153,10068667,0,0,1100,-139486,1,0.5800000000000001,0.5800000000000001,0.5,0.5,0.07250000000000001,0.06444444444444446,1179,1083,579,483,157.14000000000004,162.9,3071400,3129000,4.064112587959343,4.09058487874465,0.4461653680067562,0.6214446197236961,0,0,10,1
G|Q|3,G,互联网PM转型,Q,3,6,8,1500,2000,-1294037,16863359,1,0,500,18157396,2,0.3,0.6599999999999999,0,0.5,0.049999999999999996,0.08249999999999999,708,1074,108,474,85.61999999999999,162.48,2356200,3124800,0.4294995187680462,5.636818910256411,0.24348672997321646,0.32464897329762193,1,0,10,1
G|S|1,G,互联网PM转型,S,1,8,8,2900,2000,4759216,-996020,0,1,-900,-5755236,0,0.5800000000000001,0.4,0.4,0.25,0.07250000000000001,0.05,1014,879,414,279,175.32,139.44,3253200,2894400,2.336068498037817,0.6193949796181077,0.49171711005985386,0.33911524831714057,0,1,13,1
G|S|2,G,互联网PM转型,S,2,8,15,2900,3900,9830187,-5539586,0,1,1000,-15369773,7,0.42000000000000004,0.68,0.8,0.8,0.052500000000000005,0.04533333333333334,1197,2571,597,1971,176.64,567.6600000000001,3266400,7176600,3.702395209580838,0.19429783455827948,0.49171711005985386,0.6612747342184242,0,0,11,1
G|S|3,G,互联网PM转型,S,3,9,12,2900,1800,3749122,-19542451,0,1,-1100,-23291573,3,0.4833333333333334,0.7999999999999999,0.8,0.8,0.05370370370370371,0.06666666666666667,1323,1839,723,1239,212.82,377.40000000000003,3628200,5274000,1.8642873914064335,,0.5233428978759497,0.32483352281955497,0,0,11,1
