trait,n_bio,r_biography,binary_agreement_biography,n_speech,r_speech,binary_agreement_speech
Maximizing (vs satisficing),42,0.73,0.86,42,0.15,0.55
Need for cognition,42,0.59,0.74,42,0.29,0.52
Actively open-minded thinking,42,0.72,0.67,42,-0.12,0.45
Business risk propensity,42,0.75,0.83,42,-0.23,0.43
Ambiguity tolerance,42,0.61,0.71,42,-0.09,0.50
Promotion focus,42,0.40,0.67,42,0.05,0.48
Consideration of future consequences,42,0.57,0.64,42,0.18,0.57
Action orientation,42,0.42,0.64,42,-0.07,0.43
Mean,,0.60,0.72,,0.02,0.49
