run_id,total_rows,affected_rows,unknown_rows,consistent_rows,diff_rows,preview_profit_known_rows,final_profit_known_rows,profit_diff_min,profit_diff_median,profit_diff_max,coverCore_from_preview,coverNice_from_preview,V_from_preview
2026-03-19T03-18-08-525Z,2,2,0,0,2,2,2,0,0,0,0,0,0
2026-03-19T04-34-04-538Z,1,1,0,0,1,1,1,0,0,0,0,0,0
2026-03-19T05-13-03-216Z,10,10,0,0,10,10,10,0,0,0,0,0,0
2026-03-19T05-32-00-459Z,1,1,0,0,1,1,1,0,0,0,0,0,0
2026-03-19T06-17-43-288Z,10,10,0,0,10,10,10,0,0,0,0,0,0
2026-03-19T06-51-52-084Z,2,2,0,0,2,2,2,0,0,0,2,2,0
2026-03-19T07-19-34-070Z,10,10,0,0,10,10,10,0,0,0,7,1,0
2026-03-19T07-57-03-195Z,2,2,0,0,2,2,2,0,0,0,2,2,0
2026-03-19T08-10-01-467Z,2,2,0,0,2,2,2,0,0,0,2,1,0
2026-03-19T08-17-09-088Z,10,10,0,0,10,10,10,0,0,0,9,7,0
2026-03-19T08-35-23-209Z,2,2,0,0,2,2,2,0,0,0,2,2,0
2026-03-19T08-39-56-759Z,2,2,0,0,2,2,2,0,0,0,2,2,0
2026-03-19T08-42-54-220Z,10,10,0,0,10,10,10,0,0,0,8,1,0
2026-03-19T11-10-18-474Z,2,2,0,0,2,2,2,0,0,0,2,1,0
2026-03-19T12-02-59-114Z,2,2,0,0,2,2,2,0,0,0,2,2,0
2026-03-19T12-25-03-149Z,10,10,0,0,10,10,10,0,0,0,5,7,0
2026-03-19T13-14-09-408Z,2,2,0,0,2,2,2,0,0,0,1,1,0
2026-03-19T13-50-27-533Z,2,2,0,0,2,2,2,0,0,0,2,2,0
2026-03-19T14-50-28-204Z,10,10,0,0,10,10,10,0,0,0,5,7,0
2026-03-19T17-02-38-468Z,10,10,0,0,10,10,10,0,0,0,7,2,0
2026-03-20T01-22-43-538Z,1,1,0,0,1,1,1,0,0,0,1,1,0
2026-03-20T02-32-05-223Z,10,10,0,0,10,10,10,0,0,0,9,2,0
2026-03-20T02-40-29-029Z,10,10,0,0,10,10,10,0,0,0,7,2,0
2026-03-20T02-48-58-826Z,10,10,0,0,10,10,10,0,0,0,8,10,0
2026-03-20T02-57-09-589Z,10,10,0,0,10,10,10,0,0,0,6,1,0
2026-03-20T03-04-12-798Z,10,10,0,0,10,10,10,0,0,0,8,9,0
2026-03-20T03-05-33-415Z,10,10,0,0,10,10,10,0,0,0,1,1,0
2026-03-20T03-12-53-932Z,10,10,0,0,10,10,10,0,0,0,5,1,0
2026-03-20T03-13-45-758Z,10,10,0,0,10,10,10,0,0,0,9,2,0
2026-03-20T03-21-17-786Z,10,10,0,0,10,10,10,0,0,0,8,9,0
2026-03-20T03-22-08-030Z,10,10,0,0,10,10,10,0,0,0,7,9,0
2026-03-20T03-29-54-681Z,10,10,0,0,10,10,10,0,0,0,7,1,0
2026-03-20T03-30-45-476Z,10,10,0,0,10,10,10,0,0,0,8,10,0
2026-03-20T03-39-25-584Z,10,10,0,0,10,10,10,0,0,0,8,8,0
2026-03-20T03-40-46-842Z,10,10,0,0,10,10,10,0,0,0,8,2,0
2026-03-20T03-48-28-080Z,10,10,0,0,10,10,10,0,0,0,8,9,0
2026-03-20T03-49-59-962Z,10,10,0,0,10,10,10,0,0,0,9,9,0
2026-03-20T03-56-34-568Z,10,10,0,0,10,10,10,0,0,0,7,2,0
2026-03-20T04-04-43-617Z,10,10,0,0,10,10,10,0,0,0,2,4,0
2026-03-20T04-12-30-946Z,10,10,0,0,10,10,10,0,0,0,3,4,0
2026-03-20T04-20-29-779Z,10,10,0,0,10,10,10,0,0,0,2,3,0
2026-03-20T07-52-59-135Z,2,2,0,0,2,2,2,0,0,0,2,2,0
2026-03-21T02-29-24-327Z,5,5,0,0,5,5,5,0,0,0,4,1,0
2026-03-21T02-48-57-351Z,2,2,0,0,2,2,2,0,0,0,2,2,0
2026-03-21T21-33-35-613Z,2,2,0,0,2,2,2,0,0,0,2,2,0
2026-03-22T01-08-57-089Z,2,2,0,0,2,2,2,0,0,0,2,2,0
2026-03-22T01-28-59-898Z,2,2,0,0,2,2,2,0,0,0,2,2,0
2026-03-22T01-33-39-104Z,10,10,0,0,10,10,10,0,0,0,9,1,0
2026-03-24T02-36-28-648Z,2,0,2,0,0,0,0,,,,0,0,0
2026-03-24T03-03-43-426Z,2,0,2,0,0,0,0,,,,0,0,0
2026-03-24T03-10-11-546Z,2,2,0,0,2,2,2,0,0,0,0,0,0
2026-03-24T03-44-18-783Z,2,2,0,0,2,2,2,0,0,0,0,0,0
2026-03-24T03-57-14-770Z,2,2,0,0,2,2,2,0,0,0,0,0,0
2026-03-24T04-29-20-510Z,2,2,0,0,2,2,2,0,0,0,0,0,0
2026-03-24T05-41-04-544Z,10,0,10,0,0,0,0,,,,0,0,0
2026-03-24T06-58-54-345Z,10,10,0,0,10,10,10,0,0,0,0,0,0
2026-03-24T07-31-19-977Z,2,2,0,0,2,2,2,0,0,0,0,0,0
2026-03-24T07-45-42-985Z,2,2,0,0,2,2,2,0,0,0,0,0,0
2026-03-24T07-59-39-653Z,2,0,2,0,0,0,0,,,,0,0,0
2026-03-24T08-16-36-262Z,2,2,0,0,2,2,2,0,0,0,0,0,0
2026-03-24T08-22-08-878Z,2,2,0,0,2,2,2,0,0,0,0,0,0
2026-03-24T08-44-09-954Z,10,0,10,0,0,0,8,,,,0,0,0
2026-03-24T09-31-14-778Z,2,2,0,0,2,2,2,0,0,0,0,0,0
2026-03-24T11-26-02-944Z,2,2,0,0,2,2,2,0,0,0,0,0,0
2026-03-24T13-20-58-303Z,10,10,0,0,10,10,10,0,0,0,0,0,0
2026-03-25T10-59-55-949Z,10,10,0,0,10,10,10,0,0,0,0,0,0
2026-03-25T13-40-52-799Z,10,10,0,0,10,10,10,0,0,0,1,2,0
2026-03-25T14-12-33-924Z,10,10,0,0,10,10,10,0,0,0,0,0,0
2026-03-25T14-35-35-608Z,10,10,0,0,10,10,10,0,0,0,0,0,0
2026-03-25T15-13-44-253Z,10,0,10,0,0,0,1,,,,0,0,0
2026-03-25T15-50-22-224Z,10,10,0,0,10,10,10,0,0,0,0,0,0
2026-03-25T16-00-30-717Z,10,10,0,0,10,10,10,0,0,0,0,0,0
2026-03-26T00-14-42-652Z,10,10,0,0,10,10,10,0,0,0,0,0,0
2026-03-26T01-09-53-594Z,10,10,0,0,10,10,10,0,0,0,0,0,0
2026-03-26T13-34-49-513Z,10,0,10,0,0,0,0,,,,0,0,0
2026-03-26T14-21-16-079Z,1,1,0,0,1,1,1,0.3455970287322998,0.3455970287322998,0.3455970287322998,0,0,0
2026-03-26T14-29-20-729Z,1,1,0,0,1,1,1,0,0,0,0,0,0
2026-03-26T14-38-20-044Z,10,10,0,0,10,10,10,0,0,0,0,0,0
2026-03-27T00-40-11-831Z,10,10,0,0,10,10,10,0,0,0,0,0,0
2026-03-27T01-26-03-413Z,2,2,0,0,2,2,2,0,0,0,0,0,0
2026-03-27T01-36-41-379Z,2,2,0,0,2,2,2,0,0,0,0,0,0
2026-03-27T15-12-01-755Z,10,10,0,0,10,10,10,0,0,0,0,0,0
2026-03-27T15-57-02-359Z,10,10,0,0,10,10,10,0,0,0,0,0,0
2026-03-27T16-22-30-969Z,10,10,0,0,10,10,10,0,0,0,0,0,0
2026-03-27T16-46-29-749Z,1,1,0,0,1,1,1,0,0,0,0,0,0
2026-03-29T11-43-39-716Z,10,10,0,0,10,10,10,0,0,0,0,0,0
2026-03-29T12-14-15-519Z,2,2,0,0,2,2,2,0,0,0,0,0,0
2026-03-29T12-36-28-997Z,10,10,0,0,10,10,10,0,0,0,0,0,0
2026-03-29T12-52-35-436Z,10,10,0,0,10,10,10,0,0,0,0,0,0
2026-03-30T01-07-53-462Z,10,10,0,0,10,10,10,0,0,0,0,0,0
2026-04-04T06-55-54-502Z,10,10,0,0,10,10,10,0,0,0,0,0,0
2026-04-05T01-29-30-716Z,12,0,12,0,0,0,0,,,,0,0,0
2026-04-05T02-36-24-020Z,12,0,0,12,0,12,12,-0.07043999433517456,-0.07043999433517456,-0.07043999433517456,0,0,0
2026-04-05T09-52-54-086Z,7,0,0,7,0,7,7,0,0,0,0,0,0
2026-04-05T12-17-20-939Z,2,2,0,0,2,2,2,0,0,0,0,0,0
2026-04-05T12-58-45-776Z,12,0,0,12,0,12,12,0,0,0,0,0,0
2026-07-10T13-48-47-053Z,1,0,1,0,0,0,0,,,,0,0,0
2026-07-10T13-51-09-838Z,1,0,1,0,0,0,0,,,,0,0,0
2026-07-10T14-01-14-238Z,1,0,1,0,0,0,0,,,,0,0,0
2026-07-10T14-03-51-980Z,1,0,1,0,0,0,0,,,,0,0,0
2026-07-10T14-06-34-575Z,1,0,1,0,0,0,0,,,,0,0,0
2026-07-10T14-08-50-515Z,1,0,1,0,0,0,0,,,,0,0,0
2026-07-10T14-12-29-442Z,1,1,0,0,1,1,1,1476918,1476918,1476918,0,0,0
2026-07-10T14-18-06-070Z,10,10,0,0,10,10,10,131364,131364,131364,0,0,0
2026-08-04T02-46-09-135Z,1,0,1,0,0,0,0,,,,0,0,0
2026-08-04T02-47-14-677Z,1,0,1,0,0,0,0,,,,0,0,0
2026-08-04T02-50-55-732Z,1,1,0,0,1,1,1,-13602829,-13602829,-13602829,1,1,0
sim_harness_enforced_v1_2026-07-12T12-17-49-445Z,12,12,0,0,12,12,12,-43574628,-43574628,-43574628,1,1,0
sim_layered_newflow_2026-07-10T23-54-52-761Z,12,12,0,0,12,12,12,0,0,0,1,4,0
sim_layered_newflow_2026-07-12T13-00-04-209Z,12,12,0,0,12,12,12,-33476804,-33476804,-33476804,1,1,0
sim_layered_newflow_6f2edb0_2026-07-12T13-23-05-494Z,12,12,0,0,12,12,12,0,0,0,3,3,0
sim_layered_newflow_summary_clean_6f2edb0_2026-07-12T14-21-45-940Z,12,12,0,0,12,12,12,0,0,0,2,2,0
sim_layered_newflow_summary_v2_2026-07-12T15-46-55-439Z,12,12,0,0,12,12,12,10877512,10877512,10877512,2,4,0
sim_layered_newflow_summary_v2_2026-07-12T16-09-47-548Z,12,12,0,0,12,12,12,7305109,7305109,7305109,1,2,0
sim_layered_newflow_summary_v2_2026-07-12T16-26-57-327Z,12,12,0,0,12,12,12,19943628,19943628,19943628,1,1,0
sim_layered_newflow_summary_v2_2026-07-13T00-24-16-109Z,12,12,0,0,12,12,12,15213238,15213238,15213238,1,1,0
sim_layered_structured_v1_2026-07-12T10-34-56-510Z,12,12,0,0,12,12,12,-13415974,-13415974,-13415974,1,4,0
sim_layered_structured_v1_2026-07-12T10-49-47-429Z,12,12,0,0,12,12,12,-24862127,-24862127,-24862127,1,1,0
sim_layered_structured_v1_2026-07-13T01-27-08-916Z,12,12,0,0,12,12,12,11449055,11449055,11449055,1,1,0
sim_layered_structured_vp_v1_2026-07-13T03-39-15-273Z,12,12,0,0,12,12,12,16475303,16475303,16475303,2,2,0
sim_replay_april_2026-07-10T15-11-32-513Z,12,0,12,0,0,0,0,,,,0,0,0
sim_replay_april_2026-07-10T15-16-37-697Z,12,0,12,0,0,0,3,,,,0,0,0
sim_replay_april_2026-07-10T15-24-17-651Z,12,12,0,0,12,12,12,0,0,0,2,1,0
sim_replay_april_2026-07-10T15-40-34-248Z,12,12,0,0,12,12,12,0,0,0,1,2,0
sim_replay_april_2026-07-10T15-55-17-370Z,12,12,0,0,12,12,12,0,0,0,1,1,0
sim_replay_april_2026-07-10T16-17-07-732Z,12,12,0,0,12,12,12,0,0,0,2,1,0
sim_simple_persona_v1_2026-07-12T11-17-30-309Z,12,12,0,0,12,12,12,-33969673,-33969673,-33969673,1,2,0
sim_structured_no_pricing_v1_2026-07-12T12-36-46-679Z,12,12,0,0,12,12,12,-2412661,-2412661,-2412661,1,3,0
